hostname,RX Gain A,RX Gain B,Circular Mean (degrees),Circular Std Dev (degrees)
T05,30,41,178.0571987370693,5.1032311978576095
T05,30,27,11.92574574241687,4.21508391785843
T05,30,12,8.965713742237469,2.0500942140946563
T05,30,26,5.812049498603502,2.638347011073054
T05,30,11,11.2504165917807,4.918508239671847
T05,30,44,-177.40863745841068,2.569485277078146
T05,47,47,4.830505145613546,1.5436507305335256
T05,35,35,4.734157453699037,0.3323390813223907
T05,41,41,4.013325254914331,1.0405774332779798
T05,30,39,-177.2552962346566,2.3365036700851487
T05,30,30,4.7084920270041595,1.314410805922532
T05,30,21,7.2680882410638095,2.339193853561429
T05,20,20,6.212212852260404,2.191428619609978
T05,38,38,5.051531127030402,0.31320789961457984
T05,30,10,6.873284166905422,2.057060986988708
T05,44,44,4.730184199225824,2.2856543016580324
T05,23,23,5.138898221571896,0.6660055759577126
T05,11,11,1.757398136676077,3.0948636586570535
T05,24,24,4.80802786557235,1.5677759853943796
T05,30,19,9.069470623739583,4.118285174169597
T05,13,13,4.775220220652648,0.40435353000038593
T05,32,32,5.0383481309682185,0.8893360770653911
T05,30,36,-179.89237710041823,0.8366715062661072
T05,30,18,6.126730121526727,3.5550519932317735
T05,30,23,7.717865140661923,2.438986084880755
T05,10,10,4.898442850935546,0.42612581018791096
T05,30,40,-175.08988858622794,3.4564590296727404
T05,30,32,6.94062533159288,2.310376551133285
T05,42,42,5.090032315950463,1.395311810753639
T05,30,24,8.045174845048045,2.679710569357721
T05,30,34,-176.5702543160733,2.5120710762216167
T05,30,37,-176.42434605177385,2.275541025846402
T05,30,38,-178.0190247433538,2.244328650033182
T05,30,48,-178.26920610504445,2.171202350501383
T05,36,36,6.049649214354619,3.73222215998981
T05,30,31,4.300262015264377,2.026508772912841
T05,31,31,4.869686331918038,0.5270872667219001
T05,30,45,179.30985093477221,4.161849375623658
T05,21,21,5.706839235890363,2.4388663919337126
T05,37,37,4.991546185500789,0.3414703839853748
T05,30,22,6.0935620005472755,2.023962726578326
T05,33,33,4.432792314747056,1.0289125411084867
T05,30,42,-178.84594761354663,3.7169504118259393
T05,30,9,6.891395588842549,2.187685650010194
T05,30,16,7.542312122615977,1.996217156983038
T05,30,25,5.551362048844366,2.126486274360787
T05,30,33,4.88683601224461,1.4538184882426435
T05,8,8,6.715857891233043,3.8483971074456433
T05,7,7,4.913305971923456,0.3437874577887851
T05,25,25,4.791802579538138,0.5244615979594651
T05,46,46,5.055875051202799,1.4527196929321178
T05,17,17,5.09299317136044,0.6916398315189951
T05,9,9,4.880855483688627,0.43069997145574157
T05,30,29,8.366592017936597,2.9708047367911967
T05,30,13,7.71183735469555,1.7719020222352146
T05,39,39,4.949065180198895,1.0901128443337929
T05,48,48,5.325669065435738,1.501573608832781
T05,12,12,4.886928168118413,0.3885718771990229
T05,30,20,5.800312472784958,2.0119297741149067
T05,30,46,179.53045968530358,3.9696596544988703
T05,30,28,6.509182483107172,3.7202426647872415
T05,30,43,-179.3998603165839,3.0682990115574023
T05,27,27,4.98995991650562,3.185006739090861
T05,19,19,5.181843650563676,0.7762619272029567
T05,40,40,7.272153313680318,3.1485275183136925
T05,16,16,5.9671009460914535,1.9047987165773408
T05,22,22,5.165222783680452,0.662399946144839
T05,30,7,10.23656443598517,2.284877723091593
T05,43,43,5.243712234099996,1.883743148056607
T05,14,14,3.743995710267799,2.0508789970212176
T05,45,45,4.127913636426793,2.5511237260306125
T05,30,17,10.748622210607238,3.6351838285153324
T05,26,26,4.840824985461287,0.5615769135616094
T05,30,8,9.966222356113693,4.90236876855853
T05,30,15,4.423418781328202,3.6424230201724916
T05,30,47,-179.66613905938235,2.894801589645578
T05,30,35,-174.59073909063227,1.9786037313121763
T05,15,15,4.87501023761689,0.36234851167628884
T05,30,14,10.113426973957512,3.5434863851468266
T05,18,18,5.20602695791505,0.7312402029950321
T05,34,34,2.728880657354657,3.0262254657978804
T05,29,29,5.379234075784675,2.161093538592912
T05,28,28,5.063208594504984,0.8827218088281342
T06,30,40,177.71132705632743,2.7372259989161285
T06,13,13,1.1446224121887283,1.4724190268208626
T06,35,35,0.9066784421698093,0.1212589514148702
T06,30,21,4.312076347120574,4.828036785016132
T06,48,48,2.6638315345720036,2.337172113999437
T06,30,24,2.9525934155351368,1.9159976801221472
T06,30,32,1.8488385805192908,5.764486746248708
T06,30,12,3.8993175769603883,3.333415519445595
T06,41,41,2.0517616989993734,2.5238889939061004
T06,30,37,176.12514839359852,2.949596172400406
T06,30,28,-1.0700998230835268,2.2819749429828384
T06,8,8,0.2030686504426498,4.168667661561637
T06,38,38,0.7818988864951684,0.11102986959044057
T06,30,46,176.0860080330614,3.7453644483028836
T06,25,25,0.43824815793531957,0.11360584871793612
T06,9,9,0.4589823128357627,0.13115198793711466
T06,30,29,3.0961168246440365,2.36358754783602
T06,12,12,0.4669826907399364,0.16060942092303027
T06,15,15,-2.387672886755881,2.110436622986336
T06,30,22,4.356794107383647,2.0650197333067246
T06,11,11,-1.3376815467148915,3.4762150688252222
T06,30,44,173.2464191600771,3.0017427016713936
T06,17,17,4.239163192310854,2.8665280832029763
T06,43,43,1.7520104245211283,2.2105538733296033
T06,30,25,4.563321773679899,2.153903166323085
T06,14,14,2.324111293985365,2.9048339780251
T06,23,23,0.13511962890627163,1.2892056512569288
T06,30,35,-179.6215392008834,2.2704241706865607
T06,27,27,-2.298094436798454,3.0024737173032903
T06,30,8,3.021426856539691,6.162285509255033
T06,30,14,7.41994078467873,4.084082323513072
T06,30,20,1.4142373705652038,3.2187136184594984
T06,30,30,1.2275106335567996,2.377067610927912
T06,30,48,177.0086530368463,2.296072118152558
T06,30,36,178.4288262760929,5.0256175112806885
T06,30,16,1.6138741587079248,1.9057093081551129
T06,29,29,1.026938998647089,0.7598843620853265
T06,34,34,1.8843221376041037,1.4306691306438983
T06,45,45,1.2896730999056507,2.7837002193530274
T06,30,23,2.023968298186026,2.9567596120594932
T06,44,44,0.3074787021104822,2.358103166654814
T06,37,37,0.7874651381538335,0.112968731679736
T06,30,10,3.8690765693482936,2.3183400679299067
T06,28,28,1.8339920338486047,1.7553400617285373
T06,33,33,-0.4541380846762873,0.8037712526636592
T06,30,39,176.12666201100316,1.8501820267034603
T06,30,26,3.173549572813872,2.408172158051747
T06,30,31,-0.8456441394092334,1.792256489441338
T06,21,21,-0.20278172681663256,3.4169888580374743
T06,30,13,5.0427539042257035,2.328141068471062
T06,20,20,0.5504272473383286,0.10519646852487274
T06,30,34,179.91892138998892,4.039647122494504
T06,10,10,0.461973545318809,0.111415224808231
T06,30,7,8.294157732283804,3.102477914175306
T06,30,38,175.15785328421893,2.4132906271441765
T06,46,46,2.4515735046052147,2.576598110483078
T06,40,40,1.8282026446997346,2.727481567718278
T06,42,42,0.9347323472831643,1.3261076595534502
T06,31,31,0.3900188233747403,0.14891415600683885
T06,30,33,0.3097885276169821,1.3395513850931422
T06,32,32,0.7519056118337929,0.8028662332447489
T06,19,19,3.014212972534799,2.1383859399420775
T06,30,43,174.62424266977575,1.980452388296027
T06,26,26,1.7802043342111173,2.0257480418074665
T06,30,45,175.92896588420112,3.9454932789522945
T06,30,17,1.6882726664002832,2.7334812694515684
T06,30,42,175.50516501546667,4.077586471208627
T06,39,39,2.377646846534968,1.7797175737892446
T06,30,47,178.29681692142915,3.2979625571363713
T06,30,11,4.235307979535841,2.4303763256408306
T06,24,24,-0.29652443583466753,1.7714609612687082
T06,22,22,0.4834479734915687,0.1436284644381645
T06,7,7,0.5729550475083983,0.8783822305548841
T06,47,47,2.365484628501839,2.4156343268163103
T06,30,18,1.3302561959895842,2.2221748261014924
T06,18,18,-0.9610688836590952,1.770792375363084
T06,30,15,1.2783615224263392,2.153251625721186
T06,36,36,0.43171481671721484,4.500448026627409
T06,30,19,3.628113989421451,1.8213745737886131
T06,16,16,3.0686633822070712,2.0663316231768225
T06,30,41,176.33977728306854,4.489935014470799
T06,30,9,4.175966676021501,1.853880334967086
T06,30,27,0.6273754472123879,4.915636543437261
T07,13,13,9.19391832617523,0.258038531281677
T07,19,19,8.938511966378023,0.42359442089091753
T07,30,24,13.244427606286152,3.6635621607996374
T07,35,35,8.643810734331348,0.08471847887138474
T07,30,33,9.69988711448874,1.306566142496795
T07,30,47,-177.1310661717235,2.7295893910764732
T07,44,44,8.294841096241244,2.55146507505283
T07,27,27,9.02839855814213,4.308506753087455
T07,14,14,12.058604913307029,2.6726251212843986
T07,25,25,9.298790970974217,0.1515385444373835
T07,30,29,11.333142203074512,2.5167954487012323
T07,46,46,7.474690384758635,2.480733259447418
T07,30,45,-177.0768214448601,2.526710648675902
T07,33,33,10.02999203751844,1.8237383725699847
T07,30,23,11.132220941778316,2.4572131343163743
T07,30,25,10.537472723501113,3.075995567795664
T07,30,36,-176.21283140557736,0.5384691640804538
T07,28,28,9.497095962722437,0.8297195523005362
T07,30,43,-174.1738050145578,3.0210127698834253
T07,30,16,10.936282832641188,2.2938748719281103
T07,30,7,14.117180589040744,2.4804733082203088
T07,45,45,7.665060326775877,2.571550611842393
T07,30,31,9.640003119768847,2.6229086151403362
T07,30,27,12.47084974088679,5.336764434936928
T07,30,26,10.902944976758517,2.6083869097743424
T07,41,41,10.928324785257981,3.0223058384148542
T07,31,31,9.29726782523373,0.13516578793194373
T07,42,42,9.38474279991286,2.2828355503512614
T07,36,36,8.04522684780882,2.2637681343855687
T07,39,39,9.167517828397699,2.1372887937028926
T07,30,42,-177.3658457645596,2.9369491854933716
T07,7,7,9.037595357978075,0.3274802698374922
T07,30,8,12.445080059585225,3.584498584723235
T07,30,15,9.894919350756615,2.8199514488887356
T07,40,40,8.894113147097205,2.5079878128980178
T07,21,21,9.230067049836082,1.2005275127409816
T07,30,13,14.811646617403436,1.9499948921277528
T07,43,43,9.06657441397854,2.607641779021653
T07,30,46,-177.69282107130286,3.717662552780879
T07,30,40,-172.58556302137742,3.225454979452187
T07,37,37,8.620424898301916,0.06462385102466475
T07,30,14,13.959391267696327,3.0991108732666426
T07,30,20,11.205591315505082,2.885592654429717
T07,15,15,7.493058787365265,2.047071044361468
T07,24,24,9.901438619808056,1.7349860109149347
T07,30,12,10.27308654321725,2.6504049192361685
T07,9,9,9.212236576306024,0.19398181106241738
T07,30,9,13.423396682694763,2.7341643119581702
T07,30,21,9.438839019326132,2.6096673706150484
T07,30,38,-175.766905102109,2.793094222674678
T07,30,17,14.964400580951777,3.358903350887915
T07,17,17,11.29870601471618,2.580657934830837
T07,30,48,-175.94154062738227,1.846304353995347
T07,10,10,9.180143526095112,0.23960128098289846
T07,30,34,-172.3643036823195,3.719986717228517
T07,30,11,14.195874931681107,1.9559369732800762
T07,23,23,7.068626130371984,2.0884876938289003
T07,18,18,6.566878291017491,2.1177349158526475
T07,22,22,9.288068947939568,0.07561958265910176
T07,30,44,-179.89278818922662,3.2587850347987444
T07,30,18,11.41377256487891,3.9199212947385305
T07,30,19,15.00421512832048,3.3167596591044934
T07,30,28,10.149625132028461,3.4485438487689604
T07,20,20,9.220282667729245,0.115116404496399
T07,11,11,11.69905414691067,4.09428375338535
T07,38,38,8.55817635579124,0.08293565228449112
T07,26,26,9.289456928801119,0.1322217024977834
T07,30,22,8.97132586979008,1.9197380709593135
T07,34,34,9.32652880157613,1.2571144732000576
T07,47,47,7.158001143347163,2.4369309610477172
T07,16,16,10.353623567253345,2.144377830330977
T07,29,29,9.012717512715394,0.9003260561556283
T07,30,37,-176.66114170312102,2.974322177410497
T07,30,35,-172.19405079448765,2.8106039934208273
T07,30,39,-178.2538966944639,2.597921747003573
T07,30,30,9.66518277961501,1.3853734831045996
T07,30,10,10.902543923349159,2.0237313687600342
T07,12,12,9.257833114920555,0.23214697301414458
T07,8,8,8.352271690859261,3.4718399199602037
T07,30,32,13.009708725656395,3.6610164406499437
T07,30,41,-171.9414014647688,4.1153868031145775
T07,48,48,6.767294241546511,2.462674521192181
T07,32,32,8.664594822140403,1.179351968384836
T08,46,46,0.4537237793355741,2.707842131306447
T08,30,22,0.47565758320116075,2.0802679595337885
T08,19,19,1.6611597293188736,2.7694227197647034
T08,40,40,-2.0799870085647987,3.4605603886921115
T08,37,37,0.3556907313496274,0.3767820377589047
T08,16,16,-1.9189945551925103,3.791873873929898
T08,30,44,173.9027909417509,2.804680822290874
T08,30,42,175.69420878927664,2.4193452187054487
T08,30,13,3.9084848058227353,3.318732623693414
T08,30,48,174.89019709034787,3.7634760749845877
T08,30,7,7.8084461079925385,2.1817470140143795
T08,23,23,1.1776750420183286,2.3024677086198624
T08,32,32,3.017376277280652,4.405433438873367
T08,35,35,0.5660976878184882,0.31892296910160817
T08,30,33,1.3980578041279774,0.5929876403566238
T08,48,48,-1.0274596743698952,2.2644792845401516
T08,30,47,174.48230058157222,2.5943334233393847
T08,30,16,3.7306625259566935,2.100944225534314
T08,30,28,2.317781314169072,3.829882343769753
T08,30,26,3.565805745295979,1.5070187207387735
T08,27,27,3.257619860547872,2.056566014401959
T08,20,20,3.114305243376054,1.5367379165488608
T08,30,41,175.80397408096897,2.6332264477340686
T08,28,28,2.1953506308604007,2.405007970548728
T08,36,36,1.2605991079338026,2.276445615925202
T08,30,38,176.80661261301682,2.6205659636563947
T08,22,22,1.3771464474737933,0.4406285333200894
T08,18,18,2.5707453934696636,2.0685106079336943
T08,30,34,-178.50849436241282,2.7872419140979607
T08,26,26,-0.6656624620110688,2.396819747487834
T08,21,21,1.3344804407793316,0.4213180379118436
T08,14,14,0.929535636703193,2.061049595679625
T08,24,24,1.3681783244189316,0.4843304515416617
T08,15,15,0.9118507386724323,2.0416115297906616
T08,30,17,7.900237441094119,3.214458860786364
T08,41,41,0.10265209477635331,2.408926022631932
T08,30,39,177.0131958148096,2.999689217424757
T08,30,14,5.503901567514024,1.9835006148419545
T08,30,21,-1.5566297460760532,4.246121909906292
T08,30,43,178.40966162899693,2.946183834107914
T08,30,27,2.9679618511549783,5.9223793007312695
T08,34,34,1.1523864752837962,0.9691564619232479
T08,29,29,1.4220909161161135,0.5469719192145847
T08,30,19,2.8480000261594323,2.6990338648599375
T08,30,8,4.37365468319119,3.8740833748733525
T08,31,31,0.42232701633933845,1.8710772788975105
T08,30,40,179.18816228512188,2.757014678736247
T08,7,7,3.1383790511805807,2.193712360247767
T08,12,12,1.3773842746069056,0.5647312044047998
T08,10,10,0.5110333278575886,1.5820651688210687
T08,17,17,0.5164816711365247,4.637235275249055
T08,30,23,3.262435706253348,2.431251736964173
T08,30,18,5.378182868288027,3.0879957612900077
T08,30,30,2.0156216742199247,2.4754313853007592
T08,25,25,1.3816835514401729,0.473050529828317
T08,30,45,174.95732431052775,3.064316030615221
T08,9,9,1.2356855050151496,0.5425203808786727
T08,30,31,3.863052836296545,2.4145855416082376
T08,30,35,179.03496217981998,2.6932713685454575
T08,30,46,175.40552376787593,2.3848854940406436
T08,47,47,-0.9833925823931924,2.285786013228933
T08,30,24,0.6400739597911461,1.9236272290478815
T08,30,29,3.764175198298796,3.305949147378235
T08,8,8,1.4508064456814258,4.941047577558499
T08,30,36,175.7599982778128,2.8372684613270693
T08,30,37,175.45605473529258,2.060755117488365
T08,30,11,8.281202002030454,4.4113682008179325
T08,30,20,2.398274510610063,1.0372451998066239
T08,33,33,2.003969603345164,1.7083663704238745
T08,30,9,1.6472212313629904,2.121001817834328
T08,44,44,0.10513959217692544,2.5907335087040435
T08,45,45,0.25474744554103235,2.6881696874339105
T08,30,32,-1.8102401924339873,3.6669593532253715
T08,30,12,1.9829448887866081,2.057987683830085
T08,11,11,0.3752273495710847,3.7103822674323115
T08,38,38,0.46716254299350185,0.6793651437674298
T08,39,39,0.280494355984628,3.4108596196704486
T08,42,42,0.9128961468574511,3.100472664447186
T08,13,13,-0.7102036256869052,2.0849238090110207
T08,30,10,6.553099544068701,2.2839778165610483
T08,30,25,0.4932781389105017,2.4505331931679155
T08,43,43,0.3023360212274106,2.3638054651612226
T08,30,15,6.2859387797809525,1.9044589741692104