hostname,RX Gain A,RX Gain B,Timestamp,Circular Mean (degrees),Circular Std Dev (degrees)
T06,38,38,2025-04-16 13:57:06,1.235239510864131,0.01418969653396655
T06,38,38,2025-04-16 13:57:25,1.2418231102906763,0.025345343155435174
T06,38,38,2025-04-16 13:57:44,1.2511381887967026,0.015982419653899224
T06,38,38,2025-04-16 13:58:03,1.2796297485279016,0.027136330970824324
T06,38,38,2025-04-16 13:58:22,1.3194531122321,0.05819013562490263
T06,38,38,2025-04-16 13:58:41,1.3047545829648748,0.05109437787589476
T06,38,38,2025-04-16 13:59:00,1.2566394818510733,0.009919227504034421
T06,38,38,2025-04-16 13:59:19,1.272890133452334,0.017098761221294452
T06,38,38,2025-04-16 13:59:38,1.3185288065436822,0.05679509145139397
T06,38,38,2025-04-16 13:59:57,1.1850596385206078,0.05663625268064715
T06,38,38,2025-04-16 14:00:16,1.2830168885497433,0.02007346370971467
T06,38,38,2025-04-16 14:00:35,1.2751570773257035,0.02951851654682015
T06,38,38,2025-04-16 14:00:54,1.2584126886063514,0.009855871928818871
T06,38,38,2025-04-16 14:01:13,1.2328309259422836,0.01538853928379453
T06,38,38,2025-04-16 14:01:32,1.2573245255126961,0.010922085881390408
T06,38,38,2025-04-16 14:01:51,1.26514624828536,0.016750289612831253
T06,38,38,2025-04-16 14:02:10,1.239140722611727,0.03384554789182291
T06,38,38,2025-04-16 14:02:29,1.2440839815362341,0.011369546211956363
T06,38,38,2025-04-16 14:02:48,1.26456073415539,0.010868487325714259
T06,38,38,2025-04-16 14:03:07,1.238867520845393,0.020477082527053
T06,38,38,2025-04-16 14:03:26,1.2285792441974968,0.03971097133643828
T06,38,38,2025-04-16 14:03:45,1.288319322631081,0.03139231299482427
T06,38,38,2025-04-16 14:04:04,1.2845282768808344,0.023664482213868868
T06,38,38,2025-04-16 14:04:23,1.31400553758901,0.04634264806362617
T06,38,38,2025-04-16 14:04:42,1.2455273651084122,0.013456869358157304
T06,38,38,2025-04-16 14:05:01,1.2983160752454133,0.03560899413916544
T06,38,38,2025-04-16 14:05:20,1.3072623690335086,0.04373284509974902
T06,38,38,2025-04-16 14:05:39,1.2541372862461002,0.011999981923129142
T06,38,38,2025-04-16 14:05:58,1.2524566405898596,0.02564844070395117
T06,38,38,2025-04-16 14:06:17,1.2581726034096652,0.014880792852611806
T06,38,38,2025-04-16 14:06:36,1.276784333038835,0.05306463241580182
T06,38,38,2025-04-16 14:06:55,1.2319854561386505,0.03851737925565767
T06,38,38,2025-04-16 14:07:14,1.254973392113634,0.018620116328641818
T06,38,38,2025-04-16 14:07:33,1.2884658940337006,0.032119087079748226
T06,38,38,2025-04-16 14:07:52,1.2767994692026132,0.03914670136345236
T06,38,38,2025-04-16 14:08:11,1.2417064664655204,0.013763493809381947
T06,38,38,2025-04-16 14:08:30,1.2425803622922993,0.0216214091217896
T06,38,38,2025-04-16 14:08:49,1.3081585946486034,0.03906554781926186
T06,38,38,2025-04-16 14:09:08,1.2553076902652902,0.009243440807627172
T06,38,38,2025-04-16 14:09:27,1.2840774706790263,0.0516875643281693
T06,38,38,2025-04-16 14:09:46,1.2540268953288036,0.009481968366081601
T06,38,38,2025-04-16 14:10:05,1.2766197258623593,0.03492049711132422
T06,38,38,2025-04-16 14:10:24,1.2603584170438091,0.009003925155149781
T06,38,38,2025-04-16 14:10:43,1.2187193571124495,0.03638854199913333
T06,38,38,2025-04-16 14:11:02,1.2573682701399262,0.014695416999868016
T06,38,38,2025-04-16 14:11:21,1.274431550964802,0.029506486869945708
T06,38,38,2025-04-16 14:11:40,1.248484636707414,0.019754998668461844
T06,38,38,2025-04-16 14:11:59,1.2541855308434127,0.011696819071989915
T06,38,38,2025-04-16 14:12:18,1.2366304908536117,0.011826013202430851
T06,38,38,2025-04-16 14:12:37,1.2608315797855534,0.02494167750387927
T06,38,38,2025-04-16 14:12:56,1.277456851742863,0.029139176452914573
T06,38,38,2025-04-16 14:13:15,1.2346846374904288,0.01847491375348096
T06,38,38,2025-04-16 14:13:34,1.2728470527374975,0.013180140975730944
T06,38,38,2025-04-16 14:13:53,1.261639235964426,0.012219535784061753
T06,38,38,2025-04-16 14:14:12,1.2523069815827423,0.014289617356603515
T06,38,38,2025-04-16 14:14:31,1.2204992797672274,0.03485280726983486
T06,38,38,2025-04-16 14:14:50,1.279691246522296,0.018421946811627298
T06,38,38,2025-04-16 14:15:09,1.2798626218983968,0.037708265763792555
T06,38,38,2025-04-16 14:15:28,1.2798721696649078,0.02174340943414507
T06,38,38,2025-04-16 14:15:47,1.2415154606014507,0.04231558840536271
T06,38,38,2025-04-16 14:16:06,1.2726182498542928,0.012631040851725945
T06,38,38,2025-04-16 14:16:25,1.2712157597464173,0.012945871879334176
T06,38,38,2025-04-16 14:16:44,1.2404594508981102,0.033609194254004056
T06,38,38,2025-04-16 14:17:03,1.2496073912688057,0.020679323413817386
T06,38,38,2025-04-16 14:17:22,1.2522052938799855,0.01749289572782334
T06,38,38,2025-04-16 14:17:41,1.247495012313751,0.028225581074150564
T06,38,38,2025-04-16 14:18:00,1.3006745608952088,0.0448662213158342
T06,38,38,2025-04-16 14:18:19,1.2437783666650828,0.014810434106762374
T06,38,38,2025-04-16 14:18:38,1.2807995153336478,0.023272398178946586
T06,38,38,2025-04-16 14:18:57,1.268420641379598,0.02343868170835237
T06,38,38,2025-04-16 14:19:16,1.2042669182848367,0.04786412693704854
T06,38,38,2025-04-16 14:19:35,1.2702234215833768,0.011669242582381277
T06,38,38,2025-04-16 14:19:54,1.334163045460652,0.06466749357566967
T06,38,38,2025-04-16 14:20:13,1.2833117389408235,0.04460152529022067
T06,38,38,2025-04-16 14:20:32,1.251532954089817,0.016000795923274636
T06,38,38,2025-04-16 14:20:51,1.2395525746356577,0.017305162242805823
T06,38,38,2025-04-16 14:21:10,1.2657465231176814,0.013156957967478561
T06,38,38,2025-04-16 14:21:29,1.2763017117643238,0.03851262686780729
T06,38,38,2025-04-16 14:21:48,1.262779618785584,0.018564636300980677
T06,38,38,2025-04-16 14:22:07,1.2834322272047098,0.03013354608060049
T06,38,38,2025-04-16 14:22:26,1.2525458798027824,0.013861854587311434
T06,38,38,2025-04-16 14:22:45,1.2126377480242443,0.03459692662008166
T06,38,38,2025-04-16 14:23:04,1.170340876219227,0.05356853194721273
T06,38,38,2025-04-16 14:23:23,1.221795793972627,0.028777717220427344
T06,38,38,2025-04-16 14:23:42,1.2333065069351183,0.028155127455797953
T06,38,38,2025-04-16 14:24:01,1.228896621349408,0.019598331601114995
T06,38,38,2025-04-16 14:24:20,1.2682902137402252,0.010420792576757432
T06,38,38,2025-04-16 14:24:39,1.272059403643275,0.03674341831998177
T06,38,38,2025-04-16 14:24:58,1.231871467126711,0.011165681828913882
T06,38,38,2025-04-16 14:25:17,1.2594526231038357,0.017327744152885086
T06,38,38,2025-04-16 14:25:36,1.263742471285418,0.028131267218547935
T06,38,38,2025-04-16 14:25:55,1.294237712017883,0.03029562683769986
T06,38,38,2025-04-16 14:26:14,1.223516475002595,0.04250572037405488
T06,38,38,2025-04-16 14:26:33,1.259437652856135,0.025846214004899237
T06,38,38,2025-04-16 14:26:52,1.272085017582002,0.01099598256166657
T06,38,38,2025-04-16 14:27:11,1.2359761392121824,0.00920642589789785
T06,38,38,2025-04-16 14:27:30,1.2552134982949075,0.009267030781518436
T06,38,38,2025-04-16 14:27:49,1.1905532118281485,0.03486779565525915
T06,38,38,2025-04-16 14:28:08,1.2728996769343834,0.025512084582883388
T06,38,38,2025-04-16 14:28:27,1.249835740865235,0.02708343773971721
T06,38,38,2025-04-16 14:45:45,1.2175553756026452,0.021403865761921544
T06,38,38,2025-04-16 14:46:04,1.3050936633774821,0.048343928487258374
T06,38,38,2025-04-16 14:46:23,1.2556493959012687,0.010304382595316585
T06,38,38,2025-04-16 14:46:42,1.3033664180572189,0.046262146719433184
T06,38,38,2025-04-16 14:47:01,1.2000320042140833,0.0319795264953857
T06,38,38,2025-04-16 14:47:20,1.3126239859193425,0.05334094592950148
T06,38,38,2025-04-16 14:47:39,1.2631297566968112,0.01844763181604967
T06,38,38,2025-04-16 14:47:58,1.2684578971605371,0.012947453050580366
T06,38,38,2025-04-16 14:48:17,1.2481576667253156,0.010103752846227202
T06,38,38,2025-04-16 14:48:36,1.1991119217650232,0.03908677026213093
T06,38,38,2025-04-16 14:48:55,1.1931424799807473,0.04574235417536171
T06,38,38,2025-04-16 14:49:14,1.234274958863019,0.01292469780425243
T06,38,38,2025-04-16 14:49:33,1.257266470092243,0.013451847631768236
T06,38,38,2025-04-16 14:49:52,1.2382814797289108,0.03738039594047463
T06,38,38,2025-04-16 14:50:11,1.1778945606757323,0.05779322218232628
T06,38,38,2025-04-16 14:50:30,1.2565779394648628,0.009710083396204423
T06,38,38,2025-04-16 14:50:49,1.2669664357850843,0.02208778278060496
T06,38,38,2025-04-16 14:51:08,1.2729696744800862,0.019876042185066032
T06,38,38,2025-04-16 14:51:27,1.3099226347257837,0.048323210134133134
T06,38,38,2025-04-16 14:51:46,1.2523633764303803,0.011383910956219774
T06,38,38,2025-04-16 14:52:05,1.2504027760184584,0.01378622272526897
T06,38,38,2025-04-16 14:52:24,1.1784567037042417,0.047651341937984475
T06,38,38,2025-04-16 14:52:43,1.2001213839957423,0.033291979435914935
T06,38,38,2025-04-16 14:53:02,1.2661151279413023,0.022404716041207105
T06,38,38,2025-04-16 14:53:21,1.235713568853878,0.015115671813150862
T06,38,38,2025-04-16 14:53:40,1.2346545493697603,0.018331369858944985
T06,38,38,2025-04-16 14:53:59,1.2591728774309237,0.010570007671531411
T06,38,38,2025-04-16 14:54:18,1.2699979459223414,0.01809462594085367
T06,38,38,2025-04-16 14:54:37,1.2527011658522547,0.012487828290930071
T06,38,38,2025-04-16 14:54:56,1.2524309319371403,0.009583268001393922
T06,38,38,2025-04-16 14:55:15,1.2237828582878387,0.018919543889867475
T06,38,38,2025-04-16 14:55:34,1.2711923175888968,0.02362883611655257
T06,38,38,2025-04-16 14:55:53,1.2508795235596946,0.016847910430355596
T06,38,38,2025-04-16 14:56:12,1.263625087198653,0.020240806780266296
T06,38,38,2025-04-16 14:56:31,1.2965637803235377,0.04237559965462993
T06,38,38,2025-04-16 14:56:50,1.3033149753483086,0.04981044209642082
T06,38,38,2025-04-16 14:57:09,1.306432801800109,0.05607699293037039
T06,38,38,2025-04-16 14:57:28,1.2347941920536716,0.016874178193592354
T06,38,38,2025-04-16 14:57:47,1.2535692349146126,0.015683324303592275
T06,38,38,2025-04-16 14:58:06,1.2474675279420355,0.01047080768195186
T06,38,38,2025-04-16 14:58:25,1.196780062958385,0.049706103377848254
T06,38,38,2025-04-16 14:58:44,1.239102032378948,0.012134539442047738
T06,38,38,2025-04-16 14:59:03,1.2654531188728573,0.020787112416723263
T06,38,38,2025-04-16 14:59:22,1.271998601376719,0.02449484790479023
T06,38,38,2025-04-16 14:59:41,1.2082277173796685,0.024947202063276986
T06,38,38,2025-04-16 15:00:00,1.2480211659852716,0.018767014299838417
T06,38,38,2025-04-16 15:00:19,1.2415869506785429,0.02529436159446356
T06,38,38,2025-04-16 15:00:38,1.2387801362683561,0.017593031826303125
T06,38,38,2025-04-16 15:00:57,1.2326689810110898,0.009708704725164092
T06,38,38,2025-04-16 15:01:16,1.2075359203257348,0.03092407617052176
T06,38,38,2025-04-16 15:01:35,1.3103109582527803,0.05110588977161732
T06,38,38,2025-04-16 15:01:54,1.2497696776798712,0.012148590237969837
T06,38,38,2025-04-16 15:02:13,1.2614301795124436,0.019642528669428054
T06,38,38,2025-04-16 15:02:32,1.2504546292538001,0.010037920314380406
T06,38,38,2025-04-16 15:02:51,1.261175882221151,0.010692042829230902
T06,38,38,2025-04-16 15:03:10,1.2268584937367324,0.02040572553509405
T06,38,38,2025-04-16 15:03:29,1.3115816220310654,0.054140285156435645
T06,38,38,2025-04-16 15:03:48,1.2588532665712107,0.010585391496768551
T06,38,38,2025-04-16 15:04:07,1.2511525159318702,0.017590045880205955
T06,38,38,2025-04-16 15:04:26,1.2497194960703575,0.01069059224066086
T06,38,38,2025-04-16 15:04:45,1.244322930446759,0.010402438061329393
T06,38,38,2025-04-16 15:05:04,1.2688960887718088,0.021159800465054654
T06,38,38,2025-04-16 15:05:23,1.2457646608711648,0.012400171124306037
T06,38,38,2025-04-16 15:05:42,1.2932870754771488,0.03643038072387655
T06,38,38,2025-04-16 15:06:01,1.2190369209227434,0.016251098357939593
T06,38,38,2025-04-16 15:06:20,1.2651515726179652,0.021470087838339192
T06,38,38,2025-04-16 15:06:39,1.222282646085121,0.027292722833176634
T06,38,38,2025-04-16 15:06:58,1.2696220028821463,0.026530687276974173
T06,38,38,2025-04-16 15:07:17,1.3263529226163415,0.06068372663609905
T06,38,38,2025-04-16 15:07:36,1.258726064946747,0.011734289220156839
T06,38,38,2025-04-16 15:07:55,1.2969452551889062,0.04147849379959935
T06,38,38,2025-04-16 15:08:14,1.2695260682744798,0.02539702130364619
T06,38,38,2025-04-16 15:08:33,1.2853849273266584,0.05235431393642517
T06,38,38,2025-04-16 15:08:52,1.3091092598450667,0.056223903052544
T06,38,38,2025-04-16 15:09:11,1.276447601781422,0.042867716016604565
T06,38,38,2025-04-16 15:09:30,1.2033699177571344,0.03265690849448954
T06,38,38,2025-04-16 15:09:49,1.26881011034082,0.03137652182552459
T06,38,38,2025-04-16 15:10:08,1.2329643113872595,0.015998264778076265
T06,38,38,2025-04-16 15:10:27,1.2802313189451524,0.044250590887158985
T06,38,38,2025-04-16 15:10:46,1.2478851996114153,0.013042699395923589
T06,38,38,2025-04-16 15:11:05,1.247949241194444,0.012323782807246754
T06,38,38,2025-04-16 15:11:24,1.260801734836407,0.013511085172832473
T06,38,38,2025-04-16 15:11:43,1.26237875254477,0.024255331236944563
T06,38,38,2025-04-16 15:12:02,1.2335115277511837,0.03562196125713071
T06,38,38,2025-04-16 15:12:21,1.2008970990471408,0.03192918386642678
T06,38,38,2025-04-16 15:12:40,1.2474418660174658,0.012828810985783114
T06,38,38,2025-04-16 15:12:59,1.207491377777943,0.05264579646662997
T06,38,38,2025-04-16 15:13:18,1.2739558050348643,0.01775141037616027
T06,38,38,2025-04-16 15:13:37,1.2648733722830139,0.01993301796591294
T06,38,38,2025-04-16 15:13:56,1.2640939035001164,0.019492930608039055
T06,38,38,2025-04-16 15:14:15,1.2703410971685634,0.024830773389513013
T06,38,38,2025-04-16 15:14:34,1.2433395001711245,0.012704665909414933
T06,38,38,2025-04-16 15:14:53,1.2425935567315154,0.02568894600242826
T06,38,38,2025-04-16 15:15:12,1.2337740167000866,0.015937244208323095
T06,38,38,2025-04-16 15:15:31,1.245958938147778,0.013704499815932627
T06,38,38,2025-04-16 15:15:50,1.2548857205064474,0.0158159995112727
T06,38,38,2025-04-16 15:16:09,1.2452168175381344,0.009389671630441673
T06,38,38,2025-04-16 15:16:28,1.2603641084305919,0.016468795874767666
T06,38,38,2025-04-16 15:16:47,1.2511891982383683,0.01958838927964098
T06,38,38,2025-04-16 15:17:06,1.2412467072623259,0.010786081109309545
T06,38,38,2025-04-16 15:17:25,1.255056048127457,0.009076007796116187
T06,38,38,2025-04-16 15:17:44,1.2720212121564816,0.02887346589608973
T06,38,38,2025-04-16 15:18:03,1.2337779492879406,0.011860946268494989
T06,38,38,2025-04-16 15:18:22,1.2567359750060487,0.009395059615643261
T06,38,38,2025-04-16 15:18:41,1.2611952634775472,0.018681828443152946
T06,38,38,2025-04-16 15:19:00,1.2454647309415166,0.013763086108970183
T06,38,38,2025-04-16 15:19:19,1.2298378016477052,0.013441111077675191
T06,38,38,2025-04-16 15:19:38,1.2662268530228935,0.020650327983923147
T06,38,38,2025-04-16 15:19:57,1.2319679106490542,0.031813237994732985
T06,38,38,2025-04-16 15:20:16,1.2798236504657048,0.016046632775129424
T06,38,38,2025-04-16 15:20:35,1.2771876369360164,0.03257364257895072
T06,38,38,2025-04-16 15:20:54,1.2499877203105472,0.02880756049075472
T06,38,38,2025-04-16 15:21:13,1.2702874022181991,0.013080181686841795
T06,38,38,2025-04-16 15:21:32,1.2728923651331303,0.014797666855224254
T06,38,38,2025-04-16 15:21:51,1.2537505135435465,0.01296280407946955
T06,38,38,2025-04-16 15:22:10,1.322831924361877,0.06051383649061977
T06,38,38,2025-04-16 15:22:29,1.2987625351603453,0.04040074766376324
T06,38,38,2025-04-16 15:22:48,1.231893828821232,0.017965178055851835
T06,38,38,2025-04-16 15:23:07,1.269966857756505,0.04609976493433999
T06,38,38,2025-04-16 15:23:26,1.1815443688642961,0.06253244017365689
T06,38,38,2025-04-16 15:23:45,1.2423039727605594,0.011913423742713494
T06,38,38,2025-04-16 15:24:04,1.2862118725057659,0.03012005688770102
T06,38,38,2025-04-16 15:24:23,1.254043160855846,0.017516624112995014
T06,38,38,2025-04-16 15:24:42,1.2612873892899166,0.01125317680478035
T06,38,38,2025-04-16 15:25:01,1.2533062364226821,0.010835992009714069
T06,38,38,2025-04-16 15:25:20,1.267875441146412,0.01757024920503018
T06,38,38,2025-04-16 15:25:39,1.252888349515778,0.037730241966831696
T06,38,38,2025-04-16 15:25:58,1.2252609638193983,0.026709680625219726
T06,38,38,2025-04-16 15:26:17,1.23309594965228,0.014316958821068667
T06,38,38,2025-04-16 15:29:16,1.2693386864904141,0.037757778875765924
T06,38,38,2025-04-16 15:29:35,1.2583148450573214,0.043683497941770746
T06,38,38,2025-04-16 15:29:54,1.277082009039656,0.035520452630047175
T06,38,38,2025-04-16 15:30:13,1.2645318321494883,0.023782966527406208
T06,38,38,2025-04-16 15:38:02,1.2407907008248868,0.024785560230654497
T06,38,38,2025-04-16 15:38:21,1.2156789770675784,0.0305197785430252
T06,38,38,2025-04-16 15:38:40,1.2475516704280367,0.015869422439611227
T06,38,38,2025-04-16 15:38:59,1.2748198946464901,0.01418930066864479
T06,38,38,2025-04-16 16:39:18,1.1766856859824402,0.05705715770365242
T06,38,38,2025-04-16 16:39:37,1.2127706759253614,0.02123435856122202
T06,38,38,2025-04-16 16:39:56,1.2537599161387787,0.01803125062723092
T06,38,38,2025-04-16 16:40:15,1.175174221316688,0.03779470498429665
T06,38,38,2025-04-16 17:40:34,1.242119699325434,0.01839508111720392
T06,38,38,2025-04-16 17:40:53,1.1379540506280508,0.058768099698114674
T06,38,38,2025-04-16 17:41:12,1.2223038413079048,0.009939226392562044
T06,38,38,2025-04-16 17:41:31,1.238572735443528,0.014452159868817448
T06,38,38,2025-04-16 18:41:50,1.2539624327219865,0.018022521978339354
T06,38,38,2025-04-16 18:42:09,1.2682994445066524,0.04841095908092368
T06,38,38,2025-04-16 18:42:28,1.2372607404359333,0.021398644122856844
T06,38,38,2025-04-16 18:42:47,1.201947141494039,0.027418314076879797
T06,38,38,2025-04-16 19:43:06,1.221919140835145,0.009865993073737318
T06,38,38,2025-04-16 19:43:25,1.2508597908550338,0.03190516309959385
T06,38,38,2025-04-16 19:43:44,1.2166722588214502,0.010715433293138246
T06,38,38,2025-04-16 19:44:03,1.1909929607423475,0.04286447145695167
T06,38,38,2025-04-16 20:44:22,1.2383928122862389,0.011053636983553905
T06,38,38,2025-04-16 20:44:41,1.2149710670842218,0.0199530308807424
T06,38,38,2025-04-16 20:45:00,1.234122402562311,0.010369129411637519
T06,38,38,2025-04-16 20:45:19,1.2333148546136938,0.019295277406635718
T06,38,38,2025-04-16 21:45:38,1.2343660077759844,0.033706878009217
T06,38,38,2025-04-16 21:45:57,1.212572667664449,0.01892921924753126
T06,38,38,2025-04-16 21:46:16,1.2605046163574587,0.0394276196721006
T06,38,38,2025-04-16 21:46:35,1.2122256708172965,0.014442017205721852
T06,38,38,2025-04-16 22:46:54,1.2272724477959696,0.014853382653270408
T06,38,38,2025-04-16 22:47:13,1.2273759011203775,0.013621764642148367
T06,38,38,2025-04-16 22:47:32,1.2378486142619136,0.01883548873053909
T06,38,38,2025-04-16 22:47:51,1.2364011468957676,0.014438038843647626
T06,38,38,2025-04-16 23:48:10,1.2209381536349326,0.010644966004081323
T06,38,38,2025-04-16 23:48:29,1.2307719510542903,0.029481164747818506
T06,38,38,2025-04-16 23:48:48,1.2495031926024507,0.034635443327864175
T06,38,38,2025-04-16 23:49:07,1.2920684426562477,0.056258080903464715
T06,38,38,2025-04-17 00:49:26,1.249588894198189,0.028170434861870642
T06,38,38,2025-04-17 00:49:45,1.234898903444881,0.023963832229757804
T06,38,38,2025-04-17 00:50:04,1.2125304486025614,0.012165602873836286
T06,38,38,2025-04-17 00:50:23,1.2408093309505484,0.012558281577869026
T06,38,38,2025-04-17 01:50:42,1.204440811006942,0.012106349700740416
T06,38,38,2025-04-17 01:51:01,1.221497343085763,0.011824275905843186
T06,38,38,2025-04-17 01:51:20,1.2382188221291386,0.020301289965364386
T06,38,38,2025-04-17 01:51:39,1.1757854960743481,0.036925259663986694
T06,38,38,2025-04-17 02:51:58,1.21202914329733,0.03979453814145885
T06,38,38,2025-04-17 02:52:17,1.1825337436804186,0.028539609320850298
T06,38,38,2025-04-17 02:52:36,1.2428122717012995,0.01804765001979496
T06,38,38,2025-04-17 02:52:55,1.2112530200492435,0.034835486887186164
T06,38,38,2025-04-17 03:53:14,1.202082316749573,0.04140741533494634
T06,38,38,2025-04-17 03:53:33,1.2488473559151823,0.016355612929883526
T06,38,38,2025-04-17 03:53:52,1.2453918181151682,0.02354193335992683
T06,38,38,2025-04-17 03:54:11,1.2252921049305543,0.009729561129722706
T06,38,38,2025-04-17 04:54:30,1.2130447717896096,0.011191016357448614
T06,38,38,2025-04-17 04:54:49,1.2406800460886962,0.049316266020290135
T06,38,38,2025-04-17 04:55:08,1.22114435276422,0.010244373775129732
T06,38,38,2025-04-17 04:55:27,1.2435611370089152,0.017678646089796118
T06,38,38,2025-04-17 05:55:46,1.2484875939372093,0.0274253947548833
T06,38,38,2025-04-17 05:56:05,1.1770404964586614,0.03300216168812354
T06,38,38,2025-04-17 05:56:24,1.210307455709563,0.012183985976843581
T06,38,38,2025-04-17 05:56:43,1.234379603751858,0.0254611821225593
T06,38,38,2025-04-17 06:57:02,1.193999087898128,0.051418552537114436
T06,38,38,2025-04-17 06:57:21,1.213269780335861,0.020554940367181977
T06,38,38,2025-04-17 06:57:40,1.2668420612583011,0.048834577651312466
T06,38,38,2025-04-17 06:57:59,1.227413292805044,0.025654676082638928
T06,38,38,2025-04-17 07:58:18,1.2509988896607616,0.017267337164672075
T06,38,38,2025-04-17 07:58:37,1.1955632140546777,0.01667031110737931
T06,38,38,2025-04-17 07:58:56,1.2439409602587248,0.012450522083907576
T06,38,38,2025-04-17 07:59:15,1.2481792494289696,0.014313999257718337
T06,38,38,2025-04-17 08:59:34,1.2680269725604207,0.011346157816154582
T06,38,38,2025-04-17 08:59:53,1.2423591211994267,0.034305464534293194
T06,38,38,2025-04-17 09:00:12,1.2847915788833784,0.04060955980628404
T06,38,38,2025-04-17 09:00:31,1.2584912903680634,0.01277458018016644
T06,38,38,2025-04-17 10:00:50,1.2271847501578765,0.012100420674981375
T06,38,38,2025-04-17 10:01:09,1.2874523833027636,0.027396503260004236
T06,38,38,2025-04-17 10:01:28,1.2744018662924317,0.017585876347152616
T06,38,38,2025-04-17 10:01:47,1.258876835120539,0.025807852018012407
T06,38,38,2025-04-17 11:02:06,1.16604468611438,0.05971580428167151
T06,38,38,2025-04-17 11:02:25,1.1738866125479117,0.05556072647595986
T06,38,38,2025-04-17 11:02:44,1.2641858767442549,0.019610479622920965
T06,38,38,2025-04-17 11:03:03,1.2688118031274382,0.029440400434064755
T06,38,38,2025-04-17 12:03:22,1.2348242060633958,0.030193399180202925
T06,38,38,2025-04-17 12:03:41,1.271674376043291,0.01365248016140827
T06,38,38,2025-04-17 12:04:00,1.2550328717630137,0.016123062738878396
T06,38,38,2025-04-17 12:04:19,1.2691119745983321,0.02715377978129816
T06,38,38,2025-04-17 13:04:38,1.2372364735462333,0.014841951685333246
T06,38,38,2025-04-17 13:04:57,1.2431548404257766,0.009644817192411666
T06,38,38,2025-04-17 13:05:16,1.23793877990599,0.015023110501464015
T06,38,38,2025-04-17 13:05:35,1.215070615210186,0.027645949190506915
T06,38,38,2025-04-17 14:05:54,1.2286334602357676,0.01005290792280767
T06,38,38,2025-04-17 14:06:13,1.2664395100834043,0.020023646096169957
T06,38,38,2025-04-17 14:06:32,1.2352299874002637,0.03930080310930306
T06,38,38,2025-04-17 14:06:51,1.2579639600752486,0.013194654343338342
T06,38,38,2025-04-17 15:07:10,1.2441185960766556,0.01621971497017802
T06,38,38,2025-04-17 15:07:29,1.2819085729407786,0.031386403505554494
T06,38,38,2025-04-17 15:07:48,1.1742861731411063,0.05807783805206463
T06,38,38,2025-04-17 15:08:07,1.2763273577642378,0.030100698919095763
T06,38,38,2025-04-17 16:08:26,1.2445881881991183,0.016335676949239947
T06,38,38,2025-04-17 16:08:45,1.2261973719313168,0.013408206718788358
T06,38,38,2025-04-17 16:09:04,1.2589494619535224,0.017439079192627435
T06,38,38,2025-04-17 16:09:23,1.2623471988811183,0.010631735973621324
T07,38,38,2025-04-16 13:56:58,0.9199475243108647,0.019386670948887644
T07,38,38,2025-04-16 13:57:17,0.8725013814122834,0.07030600700185687
T07,38,38,2025-04-16 13:57:36,0.924707478817653,0.01644760425088058
T07,38,38,2025-04-16 13:57:55,0.9441860338779503,0.025450637491000343
T07,38,38,2025-04-16 13:58:14,0.9465779981759114,0.0239613382426487
T07,38,38,2025-04-16 13:58:33,0.9062406849528184,0.02237132149019968
T07,38,38,2025-04-16 13:58:52,0.9403331024313271,0.016830060452037415
T07,38,38,2025-04-16 13:59:11,0.9062346125695278,0.02049221336697304
T07,38,38,2025-04-16 13:59:30,0.8996989399080254,0.034501312728330145
T07,38,38,2025-04-16 13:59:49,0.9405495415568627,0.017606823435731896
T07,38,38,2025-04-16 14:00:08,0.911387424992798,0.020385305696719175
T07,38,38,2025-04-16 14:00:27,0.9454484225694189,0.017123357319205074
T07,38,38,2025-04-16 14:00:46,0.9287117212225393,0.023550166769229892
T07,38,38,2025-04-16 14:01:05,0.9284417820599359,0.013296909213410115
T07,38,38,2025-04-16 14:01:24,0.8830620158270934,0.03471965304801569
T07,38,38,2025-04-16 14:01:43,0.9456909513846892,0.02241552856647776
T07,38,38,2025-04-16 14:02:02,0.9781747548819788,0.03927390530741204
T07,38,38,2025-04-16 14:02:21,0.917527021193116,0.021541007651282102
T07,38,38,2025-04-16 14:02:40,0.9072438732392858,0.03412272548375967
T07,38,38,2025-04-16 14:02:59,0.9107643847008491,0.026869198121368888
T07,38,38,2025-04-16 14:03:18,0.9128121349252554,0.026053295580947666
T07,38,38,2025-04-16 14:03:37,0.8844111695981245,0.04723196927411639
T07,38,38,2025-04-16 14:03:56,0.9209794520433793,0.020804564780624434
T07,38,38,2025-04-16 14:04:15,0.9324625497124231,0.017716048680513942
T07,38,38,2025-04-16 14:04:34,0.9180798934908415,0.021827493047011905
T07,38,38,2025-04-16 14:04:53,0.8883148892128324,0.03942652732429612
T07,38,38,2025-04-16 14:05:12,0.9261602241119589,0.020772035860518245
T07,38,38,2025-04-16 14:05:31,0.946166949826013,0.01774921003319743
T07,38,38,2025-04-16 14:05:50,0.8882910349128279,0.04412606563376842
T07,38,38,2025-04-16 14:06:09,0.8591424110916432,0.05173273503996023
T07,38,38,2025-04-16 14:06:28,0.8940585902231001,0.05083566540017226
T07,38,38,2025-04-16 14:06:47,0.9362782388277063,0.019589656913641867
T07,38,38,2025-04-16 14:07:06,0.9370846343720778,0.01899753401253048
T07,38,38,2025-04-16 14:07:25,0.9003110499654486,0.027342439654566272
T07,38,38,2025-04-16 14:07:44,0.9424488823206286,0.025270013851595805
T07,38,38,2025-04-16 14:08:03,0.9431637937732258,0.0334144633107628
T07,38,38,2025-04-16 14:08:22,0.918608415526351,0.017675313904747702
T07,38,38,2025-04-16 14:08:41,0.8948488422109863,0.036639417208805876
T07,38,38,2025-04-16 14:09:00,0.9486595769415328,0.01360571332269204
T07,38,38,2025-04-16 14:09:19,0.8801896772639608,0.038586075259106956
T07,38,38,2025-04-16 14:09:38,0.9560423797465649,0.03734798160170575
T07,38,38,2025-04-16 14:09:57,0.949965879353327,0.02107888567055269
T07,38,38,2025-04-16 14:10:16,0.9710667548254014,0.0376158250917005
T07,38,38,2025-04-16 14:10:35,0.9455293354762541,0.020054899845202707
T07,38,38,2025-04-16 14:10:54,0.9467172172946691,0.03446155691915051
T07,38,38,2025-04-16 14:11:13,0.9270436772040136,0.018905831344805214
T07,38,38,2025-04-16 14:11:32,0.9564084658905369,0.021148394256202872
T07,38,38,2025-04-16 14:11:51,0.9388688968680196,0.01629846357817647
T07,38,38,2025-04-16 14:12:10,0.8995595110689879,0.02203199368424261
T07,38,38,2025-04-16 14:12:29,0.9446370430772362,0.013552371113508046
T07,38,38,2025-04-16 14:12:48,0.9447394534377407,0.019788185699940626
T07,38,38,2025-04-16 14:13:07,0.9428766489212341,0.024353823053018014
T07,38,38,2025-04-16 14:13:26,0.9325108720852643,0.031061461012349963
T07,38,38,2025-04-16 14:13:45,0.9199452190456712,0.022432271037457176
T07,38,38,2025-04-16 14:14:04,0.9309856247608544,0.020175037576513198
T07,38,38,2025-04-16 14:14:23,0.9525537548843339,0.03657802681004428
T07,38,38,2025-04-16 14:14:42,0.884289245057218,0.04193621420483298
T07,38,38,2025-04-16 14:15:01,0.928066668377592,0.010848428547409856
T07,38,38,2025-04-16 14:15:20,0.9447562416677753,0.021651177281065956
T07,38,38,2025-04-16 14:15:39,0.8933259453018046,0.03262285923401919
T07,38,38,2025-04-16 14:15:58,0.9561286928899174,0.021041744222706153
T07,38,38,2025-04-16 14:16:17,0.9138970371337738,0.016089548572917178
T07,38,38,2025-04-16 14:16:36,0.8994265700550547,0.0238255004205456
T07,38,38,2025-04-16 14:16:55,0.8936855281789522,0.04031275492890649
T07,38,38,2025-04-16 14:17:14,0.8811337230693347,0.03237726340205584
T07,38,38,2025-04-16 14:17:33,0.9662312872869078,0.03211980223509422
T07,38,38,2025-04-16 14:17:52,0.927915307393682,0.01686409702007182
T07,38,38,2025-04-16 14:18:11,0.9536909281567976,0.018894624864256287
T07,38,38,2025-04-16 14:18:30,0.9233277180696768,0.011432256011390583
T07,38,38,2025-04-16 14:18:49,0.9342148673871727,0.02570122153822872
T07,38,38,2025-04-16 14:19:08,0.9250555012209732,0.02445320538751295
T07,38,38,2025-04-16 14:19:27,0.9557829714972007,0.028066433807768347
T07,38,38,2025-04-16 14:19:46,0.9508526157516989,0.01979592333579663
T07,38,38,2025-04-16 14:20:05,0.9180181705517171,0.016881463117329396
T07,38,38,2025-04-16 14:20:24,0.8830461714406042,0.05157961689689769
T07,38,38,2025-04-16 14:20:43,0.9502925124655258,0.02442374550723701
T07,38,38,2025-04-16 14:21:02,0.9072371650033199,0.03542570843899448
T07,38,38,2025-04-16 14:21:21,0.9228635382677782,0.018751044983606885
T07,38,38,2025-04-16 14:21:40,0.89950235673998,0.0196218993025507
T07,38,38,2025-04-16 14:21:59,0.9598154347308064,0.04014754019420202
T07,38,38,2025-04-16 14:22:18,0.8707253320942212,0.043303880764401316
T07,38,38,2025-04-16 14:22:37,0.9505917182942178,0.019879379016714487
T07,38,38,2025-04-16 14:22:56,0.9516320848251462,0.01850703933765727
T07,38,38,2025-04-16 14:23:15,0.9227092410748677,0.019837603724500868
T07,38,38,2025-04-16 14:23:34,0.9443251329646862,0.022361029572765898
T07,38,38,2025-04-16 14:23:53,0.962712244633587,0.0295284363886051
T07,38,38,2025-04-16 14:24:12,0.9682745259535295,0.04087708462183586
T07,38,38,2025-04-16 14:24:31,0.9360796938982661,0.025508064352630637
T07,38,38,2025-04-16 14:24:50,0.995730183308445,0.05453875742629531
T07,38,38,2025-04-16 14:25:09,0.9197635105823797,0.015641671558049602
T07,38,38,2025-04-16 14:25:28,0.8734857172476351,0.03865779265964146
T07,38,38,2025-04-16 14:25:47,0.9435174418276246,0.01735858193398644
T07,38,38,2025-04-16 14:26:06,0.9821980065735239,0.03943508937264914
T07,38,38,2025-04-16 14:26:25,0.9706151225697024,0.03916286596716691
T07,38,38,2025-04-16 14:26:44,0.8769678107792014,0.03491114731437717
T07,38,38,2025-04-16 14:27:03,0.9198533265042403,0.01703197717836713
T07,38,38,2025-04-16 14:27:22,0.9504415799997995,0.014831477243425865
T07,38,38,2025-04-16 14:27:41,0.8765296244026138,0.05015571296883131
T07,38,38,2025-04-16 14:28:00,0.9621619964053529,0.023488909672249633
T07,38,38,2025-04-16 14:28:19,0.929049868143798,0.02368464323679577
T07,38,38,2025-04-16 14:45:47,0.9186520118725088,0.02276218904915367
T07,38,38,2025-04-16 14:46:06,0.9455211013312674,0.021026594123533665
T07,38,38,2025-04-16 14:46:25,0.9605056281902135,0.03908172804623923
T07,38,38,2025-04-16 14:46:44,0.877912054917604,0.03371018945257215
T07,38,38,2025-04-16 14:47:03,0.9374303083140483,0.026811890554235468
T07,38,38,2025-04-16 14:47:22,0.9157169726281511,0.030460304045348
T07,38,38,2025-04-16 14:47:41,0.9390473004302745,0.03229203822931373
T07,38,38,2025-04-16 14:48:00,0.9301485906713115,0.019022638368011154
T07,38,38,2025-04-16 14:48:19,0.8483116881584353,0.05223892969981521
T07,38,38,2025-04-16 14:48:38,0.9282989704887373,0.026390297472165144
T07,38,38,2025-04-16 14:48:57,0.9060268383934564,0.027011580094773505
T07,38,38,2025-04-16 14:49:16,1.0068042670823183,0.06298824884165843
T07,38,38,2025-04-16 14:49:35,0.9779745690434644,0.04708133306338955
T07,38,38,2025-04-16 14:49:54,0.9314507783921862,0.02244499013909251
T07,38,38,2025-04-16 14:50:13,0.8431506321781028,0.06723362838357798
T07,38,38,2025-04-16 14:50:32,0.9349814845913662,0.0168301188786932
T07,38,38,2025-04-16 14:50:51,0.9375075326976001,0.039741357232401193
T07,38,38,2025-04-16 14:51:10,0.8867453651562517,0.04338423766456623
T07,38,38,2025-04-16 14:51:29,0.8518663163691862,0.055852062309232245
T07,38,38,2025-04-16 14:51:48,0.9933701249556545,0.04880902372493584
T07,38,38,2025-04-16 14:52:07,0.9217993915247117,0.028833115431043235
T07,38,38,2025-04-16 14:52:26,0.9130939574842171,0.02012069001328332
T07,38,38,2025-04-16 14:52:45,0.9139202475192875,0.033210496113129206
T07,38,38,2025-04-16 14:53:04,0.925908021300934,0.0238163351890379
T07,38,38,2025-04-16 14:53:23,0.9510057761922042,0.018228976374518147
T07,38,38,2025-04-16 14:53:42,0.959223438157409,0.021672813993645356
T07,38,38,2025-04-16 14:54:01,0.8689400958356633,0.0542254716197502
T07,38,38,2025-04-16 14:54:20,0.8757897570447464,0.044832496557592805
T07,38,38,2025-04-16 14:54:39,0.9014076027356571,0.02980443280639693
T07,38,38,2025-04-16 14:54:58,0.9049392765818571,0.0235978232896193
T07,38,38,2025-04-16 14:55:17,0.9633460993234458,0.019949937727800363
T07,38,38,2025-04-16 14:55:36,0.8974341093371153,0.03729993056650354
T07,38,38,2025-04-16 14:55:55,0.933170879278192,0.011937352754908245
T07,38,38,2025-04-16 14:56:14,0.9313983027498496,0.01295354494932468
T07,38,38,2025-04-16 14:56:33,0.9022167303309034,0.022652336420569564
T07,38,38,2025-04-16 14:56:52,0.9170290304445,0.016518483310370296
T07,38,38,2025-04-16 14:57:11,0.8974305586900123,0.038832937188463534
T07,38,38,2025-04-16 14:57:30,0.8887681979064369,0.02642543676895659
T07,38,38,2025-04-16 14:57:49,0.9445156222285103,0.029670441203649634
T07,38,38,2025-04-16 14:58:08,0.9233921040942078,0.019698226169715487
T07,38,38,2025-04-16 14:58:27,0.8968676061876656,0.027988139509721517
T07,38,38,2025-04-16 14:58:46,0.904565001159915,0.017164347582014905
T07,38,38,2025-04-16 14:59:05,0.9021571694522436,0.022561517612676874
T07,38,38,2025-04-16 14:59:24,0.9058825547293419,0.020302904628709057
T07,38,38,2025-04-16 14:59:43,0.8913280050039843,0.04370546139003653
T07,38,38,2025-04-16 15:00:02,0.9447225054572992,0.03155718030711635
T07,38,38,2025-04-16 15:00:21,0.9589409632899383,0.030328920884254255
T07,38,38,2025-04-16 15:00:40,0.936075908318143,0.017694537506485003
T07,38,38,2025-04-16 15:00:59,0.8280028579355544,0.06816039110705219
T07,38,38,2025-04-16 15:01:18,0.8800115784749232,0.046765070291241266
T07,38,38,2025-04-16 15:01:37,0.9139099202722821,0.01678685987850863
T07,38,38,2025-04-16 15:01:56,0.9149031863120255,0.02926278876929001
T07,38,38,2025-04-16 15:02:15,0.937378028230508,0.017580356016618878
T07,38,38,2025-04-16 15:02:34,0.9143386501599778,0.024475550095806816
T07,38,38,2025-04-16 15:02:53,0.9188139096885429,0.016509273169622415
T07,38,38,2025-04-16 15:03:12,0.9276264739479084,0.024448023559378536
T07,38,38,2025-04-16 15:03:31,0.9176956786357808,0.01869818849539867
T07,38,38,2025-04-16 15:03:50,0.9097774715011283,0.024946205971492087
T07,38,38,2025-04-16 15:04:09,0.9566488524854646,0.020866758106807375
T07,38,38,2025-04-16 15:04:28,0.9433683562856612,0.03428023512412899
T07,38,38,2025-04-16 15:04:47,0.9344844230378819,0.029951058032285396
T07,38,38,2025-04-16 15:05:06,0.9255968998222603,0.0189131489571458
T07,38,38,2025-04-16 15:05:25,0.9285371693601955,0.0249171550597837
T07,38,38,2025-04-16 15:05:44,0.9308096267676993,0.028983798389494518
T07,38,38,2025-04-16 15:06:03,0.967855920556473,0.04088813213992859
T07,38,38,2025-04-16 15:06:22,0.9352201631404942,0.025549708045118934
T07,38,38,2025-04-16 15:06:41,0.9381664598525015,0.04920636939986295
T07,38,38,2025-04-16 15:07:00,0.9154516917532354,0.020146484505082784
T07,38,38,2025-04-16 15:07:19,0.9156088501673361,0.020629319714264644
T07,38,38,2025-04-16 15:07:38,0.9139237834602181,0.019297069719915464
T07,38,38,2025-04-16 15:07:57,0.9226503898465299,0.017956634792313856
T07,38,38,2025-04-16 15:08:16,0.9228675596896695,0.023097408388721232
T07,38,38,2025-04-16 15:08:35,0.9367479458515743,0.03377519842755767
T07,38,38,2025-04-16 15:08:54,0.9357667895056726,0.02323286652192472
T07,38,38,2025-04-16 15:09:13,0.8860664733980713,0.030897081273721493
T07,38,38,2025-04-16 15:09:32,0.9497502655059068,0.02357211612137456
T07,38,38,2025-04-16 15:09:51,0.8605145028380051,0.05047689031936689
T07,38,38,2025-04-16 15:10:10,0.9385328989700809,0.025869153816623257
T07,38,38,2025-04-16 15:10:29,0.9676396001636135,0.0290252238477081
T07,38,38,2025-04-16 15:10:48,0.9402931705487269,0.02192501277929333
T07,38,38,2025-04-16 15:11:07,0.9713196606293386,0.03720000722939719
T07,38,38,2025-04-16 15:11:26,0.9147538291884517,0.028452439581800354
T07,38,38,2025-04-16 15:11:45,0.8819111504805357,0.04128645933121277
T07,38,38,2025-04-16 15:12:04,0.9344200010380207,0.02238023387873627
T07,38,38,2025-04-16 15:12:23,0.9139360449682703,0.023549384563162586
T07,38,38,2025-04-16 15:12:42,0.9353554727912569,0.023022962890501594
T07,38,38,2025-04-16 15:13:01,0.9081778409402477,0.02352963167826477
T07,38,38,2025-04-16 15:13:20,0.9488184256368906,0.029859220028310665
T07,38,38,2025-04-16 15:13:39,0.9667372857601813,0.03128954357804787
T07,38,38,2025-04-16 15:13:58,0.9122446088328579,0.019633493445485862
T07,38,38,2025-04-16 15:14:17,0.9618924889645756,0.02333238309420749
T07,38,38,2025-04-16 15:14:36,0.9425142627339018,0.01617715692640696
T07,38,38,2025-04-16 15:14:55,0.9089411090503606,0.018425045618137466
T07,38,38,2025-04-16 15:15:14,0.8789585891809595,0.04071039090396932
T07,38,38,2025-04-16 15:15:33,0.9324661158654172,0.019359572065785226
T07,38,38,2025-04-16 15:15:52,0.9275015574687292,0.0175065374681264
T07,38,38,2025-04-16 15:16:11,0.9002830701076127,0.023626370523875586
T07,38,38,2025-04-16 15:16:30,0.9164218064061691,0.016067108540212583
T07,38,38,2025-04-16 15:16:49,0.9778443396139692,0.0454704778198594
T07,38,38,2025-04-16 15:17:08,0.9177140579644771,0.022406335963982584
T07,38,38,2025-04-16 15:17:27,0.9150662999319302,0.02438150126516924
T07,38,38,2025-04-16 15:17:46,0.9396688537821475,0.021268434547168067
T07,38,38,2025-04-16 15:18:05,0.8391561699298814,0.06986038860484042
T07,38,38,2025-04-16 15:18:24,0.9535835052743531,0.03172031355247949
T07,38,38,2025-04-16 15:18:43,0.9044729253200645,0.029805829762336967
T07,38,38,2025-04-16 15:19:02,1.0217776093605795,0.06342476720639223
T07,38,38,2025-04-16 15:19:21,0.9346429101623129,0.016906437460474703
T07,38,38,2025-04-16 15:19:40,0.9751803292249042,0.030221852699195022
T07,38,38,2025-04-16 15:19:59,0.9507392687966788,0.02033348685081523
T07,38,38,2025-04-16 15:20:18,0.9395952488354985,0.01343670991776129
T07,38,38,2025-04-16 15:20:37,0.9448721383460322,0.02357446077004418
T07,38,38,2025-04-16 15:20:56,0.9152892876738091,0.027647608930974076
T07,38,38,2025-04-16 15:21:15,0.9602306611049918,0.023459687529221864
T07,38,38,2025-04-16 15:21:34,0.9433494694641231,0.01940890618962576
T07,38,38,2025-04-16 15:21:53,0.949850958501459,0.022863527350553838
T07,38,38,2025-04-16 15:22:12,0.9320538831022981,0.01275741544732198
T07,38,38,2025-04-16 15:22:31,0.914154842586727,0.021664399665461097
T07,38,38,2025-04-16 15:22:50,0.9242065492592587,0.02450627450561693
T07,38,38,2025-04-16 15:23:09,0.9363909663931873,0.01692932722438149
T07,38,38,2025-04-16 15:23:28,0.8904490301883136,0.036171168452570825
T07,38,38,2025-04-16 15:23:47,0.918263065874321,0.017648206311835207
T07,38,38,2025-04-16 15:24:06,0.8873800067276538,0.048129591807179586
T07,38,38,2025-04-16 15:24:25,0.9475352050386209,0.028563232495881153
T07,38,38,2025-04-16 15:24:44,0.9312658661600824,0.014064882213701491
T07,38,38,2025-04-16 15:25:03,0.9548683164705635,0.023735178240173512
T07,38,38,2025-04-16 15:25:22,0.9635974517395405,0.0343863172384158
T07,38,38,2025-04-16 15:25:41,0.8480776237857803,0.05632519888484173
T07,38,38,2025-04-16 15:26:00,0.9307051791109086,0.058272861959817596
T07,38,38,2025-04-16 15:26:19,0.9638289012121668,0.047842589551118184
T07,38,38,2025-04-16 15:27:37,0.9412024715508307,0.025854011627364795
T07,38,38,2025-04-16 15:27:56,0.9530604498255482,0.023008063020005114
T07,38,38,2025-04-16 15:28:15,0.9488023404092846,0.027190132302706692
T07,38,38,2025-04-16 15:28:34,0.9311274004161062,0.02852048450769511
T07,38,38,2025-04-16 15:34:13,0.9301325456356626,0.03300545264630095
T07,38,38,2025-04-16 15:34:32,0.9527777846675775,0.020592727644634587
T07,38,38,2025-04-16 15:34:51,0.9449088959737392,0.023351471819142242
T07,38,38,2025-04-16 15:35:10,0.9154227370116504,0.019050223144856986
T07,38,38,2025-04-16 16:35:29,0.9294116532242592,0.022325216716660184
T07,38,38,2025-04-16 16:35:48,0.9600890998344432,0.019312846857733212
T07,38,38,2025-04-16 16:36:07,0.919467571350719,0.050635982399963635
T07,38,38,2025-04-16 16:36:26,0.9178163703320918,0.015707190279898805
T07,38,38,2025-04-16 17:36:45,0.9111238315083713,0.018381083577436907
T07,38,38,2025-04-16 17:37:04,0.8952705228191655,0.03536032627032332
T07,38,38,2025-04-16 17:37:23,0.9456264709049358,0.026403414119192507
T07,38,38,2025-04-16 17:37:42,0.936083067447886,0.01847150179581184
T07,38,38,2025-04-16 18:38:01,0.9013855221195772,0.051101303550165074
T07,38,38,2025-04-16 18:38:20,0.933100150077334,0.022525202092611166
T07,38,38,2025-04-16 18:38:39,0.9222349280560838,0.014197742597225602
T07,38,38,2025-04-16 18:38:58,0.9050437185426307,0.03761431000025455
T07,38,38,2025-04-16 19:39:17,0.9686233557611893,0.038619181469009896
T07,38,38,2025-04-16 19:39:36,0.9541332233778852,0.02339790992003121
T07,38,38,2025-04-16 19:39:55,0.9093442781135239,0.02362500784342399
T07,38,38,2025-04-16 19:40:14,0.8820852026893926,0.034551977348423475
T07,38,38,2025-04-16 20:40:33,0.9141780640086636,0.01529775896842997
T07,38,38,2025-04-16 20:40:52,0.9242347191253397,0.02019081545584529
T07,38,38,2025-04-16 20:41:11,0.8926725302312899,0.021626137572187887
T07,38,38,2025-04-16 20:41:30,0.9319773656660549,0.013825037674759783
T07,38,38,2025-04-16 21:41:49,0.8843517869042139,0.034086715469508616
T07,38,38,2025-04-16 21:42:08,0.9074226622066791,0.01944835172989734
T07,38,38,2025-04-16 21:42:27,0.9406325849637981,0.01894243721935663
T07,38,38,2025-04-16 21:42:46,0.9059230596213351,0.024201044024797693
T07,38,38,2025-04-16 22:43:05,0.9834499590315735,0.04802094913551262
T07,38,38,2025-04-16 22:43:24,0.9453792532598236,0.01528264339180133
T07,38,38,2025-04-16 22:43:43,0.9042507886172417,0.0206942648375629
T07,38,38,2025-04-16 22:44:02,0.9603057742706452,0.03188993230534692
T07,38,38,2025-04-16 23:44:21,0.9239167569353052,0.01690610628709084
T07,38,38,2025-04-16 23:44:40,0.9160876484632356,0.016656258337117424
T07,38,38,2025-04-16 23:44:59,0.9287265789406631,0.02339938901581275
T07,38,38,2025-04-16 23:45:18,0.9628971790928571,0.050571803173739514
T07,38,38,2025-04-17 00:45:37,0.9092825991346524,0.020931048631574745
T07,38,38,2025-04-17 00:45:56,0.9358251650573257,0.020652547393215648
T07,38,38,2025-04-17 00:46:15,0.8716551921057332,0.03931057649202092
T07,38,38,2025-04-17 00:46:34,0.9108216288024887,0.01264338203179092
T07,38,38,2025-04-17 01:46:53,0.9181983314435099,0.022485603305529896
T07,38,38,2025-04-17 01:47:12,0.9493483865209116,0.03439334533880746
T07,38,38,2025-04-17 01:47:31,0.925178589926519,0.018461138177990815
T07,38,38,2025-04-17 01:47:50,0.9419094546042721,0.019866978725800472
T07,38,38,2025-04-17 02:48:09,0.8945504850314309,0.03248259774698134
T07,38,38,2025-04-17 02:48:28,0.9546074311049662,0.04578945844906058
T07,38,38,2025-04-17 02:48:47,0.9448074777291525,0.015891164287210727
T07,38,38,2025-04-17 02:49:06,0.923698334198015,0.021303857568544332
T07,38,38,2025-04-17 03:49:25,0.9731876572813414,0.042047776678828946
T07,38,38,2025-04-17 03:49:44,0.9586389838786629,0.02544354903769704
T07,38,38,2025-04-17 03:50:03,0.9233077027264494,0.013963179535211765
T07,38,38,2025-04-17 03:50:22,0.9183956426208278,0.02239095719322731
T07,38,38,2025-04-17 04:50:41,0.9254651510225069,0.01881029885279883
T07,38,38,2025-04-17 04:51:00,0.9484013656483011,0.036181007043739506
T07,38,38,2025-04-17 04:51:19,0.9146957186810712,0.0175901676301659
T07,38,38,2025-04-17 04:51:38,0.9108457784037897,0.03311208160994722
T07,38,38,2025-04-17 05:51:57,0.9023242618397479,0.035849318176619786
T07,38,38,2025-04-17 05:52:16,0.9601607478569901,0.03040350936861946
T07,38,38,2025-04-17 05:52:35,0.9486000011698366,0.020783739630746586
T07,38,38,2025-04-17 05:52:54,0.9410503024805938,0.019494134451194873
T07,38,38,2025-04-17 06:53:13,0.9204051010175384,0.019390794425483082
T07,38,38,2025-04-17 06:53:32,0.9176824508261086,0.02002462166624007
T07,38,38,2025-04-17 06:53:51,0.9161245099975014,0.019003704755698406
T07,38,38,2025-04-17 06:54:10,0.8975640786857079,0.026283182551408348
T07,38,38,2025-04-17 07:54:29,0.8696161254524299,0.042324148799376286
T07,38,38,2025-04-17 07:54:48,0.9135559685090322,0.03342036506510708
T07,38,38,2025-04-17 07:55:07,0.9349199128201128,0.020866176541278463
T07,38,38,2025-04-17 07:55:26,0.859209186295036,0.04860196408985196
T07,38,38,2025-04-17 08:55:45,0.9229646846617562,0.013377472664627299
T07,38,38,2025-04-17 08:56:04,0.9523427274190028,0.017826018687284676
T07,38,38,2025-04-17 08:56:23,0.9600276905689494,0.017962907521419512
T07,38,38,2025-04-17 08:56:42,0.9465252673223302,0.034682917135285506
T07,38,38,2025-04-17 09:57:01,0.9320337635615293,0.02010384708147586
T07,38,38,2025-04-17 09:57:20,0.9036080627805738,0.02603475994249317
T07,38,38,2025-04-17 09:57:39,0.8788761757694152,0.036398462519177346
T07,38,38,2025-04-17 09:57:58,0.9414072653659247,0.01592035556665842
T07,38,38,2025-04-17 10:58:17,0.8647587711653102,0.028613932466364102
T07,38,38,2025-04-17 10:58:36,0.884417588752992,0.018597979397836393
T07,38,38,2025-04-17 10:58:55,0.8422274155303604,0.040071644574150564
T07,38,38,2025-04-17 10:59:14,0.8972936820946361,0.03900201659207764
T07,38,38,2025-04-17 11:59:33,0.8984220142978804,0.020285900784011688
T07,38,38,2025-04-17 11:59:52,0.948593798151089,0.043779584277481506
T07,38,38,2025-04-17 12:00:11,0.9303338738583522,0.0316743458547849
T07,38,38,2025-04-17 12:00:30,0.930540696002044,0.050647374644072686
T07,38,38,2025-04-17 13:00:49,0.8855692710572324,0.03131254756995687
T07,38,38,2025-04-17 13:01:08,0.947639000891364,0.0364828129687227
T07,38,38,2025-04-17 13:01:27,0.8865497028514043,0.02191059801905055
T07,38,38,2025-04-17 13:01:46,0.9290611420758816,0.027672587762720444
T07,38,38,2025-04-17 14:02:05,0.9391863676584373,0.03342601199647048
T07,38,38,2025-04-17 14:02:24,0.8925218548153309,0.0170960057020241
T07,38,38,2025-04-17 14:02:43,0.9573773512917314,0.0517682597265979
T07,38,38,2025-04-17 14:03:02,0.8317842398777445,0.06214043374878717
T07,38,38,2025-04-17 15:03:21,0.8789461072200112,0.02554754586122795
T07,38,38,2025-04-17 15:03:40,0.953678906737241,0.041032693355444155
T07,38,38,2025-04-17 15:03:59,0.9177726439901759,0.019743542481876777
T07,38,38,2025-04-17 15:04:18,0.9069117222699681,0.021124662134953575
T07,38,38,2025-04-17 16:04:37,0.9204992251499976,0.02439999594628404
T07,38,38,2025-04-17 16:04:56,0.9520981247282176,0.04467693202332107
T07,38,38,2025-04-17 16:05:15,0.9035284986740553,0.024733472106440568
T07,38,38,2025-04-17 16:05:34,0.9170547845067109,0.037900446798275575
T08,38,38,2025-04-16 13:57:01,-3.0284719519330188,0.014858112507471424
T08,38,38,2025-04-16 13:57:20,-3.016751051331067,0.015679809731839172
T08,38,38,2025-04-16 13:57:39,-3.4107309460867548,2.3119980834961154
T08,38,38,2025-04-16 13:57:58,-3.0280808452805026,0.012568533922518495
T08,38,38,2025-04-16 13:58:17,-2.914122248742109,0.21473640197593005
T08,38,38,2025-04-16 13:58:36,-3.0549357246330358,0.023466125764144703
T08,38,38,2025-04-16 13:58:55,-3.053698830969965,0.014069305506619612
T08,38,38,2025-04-16 13:59:14,-3.477965961428101,2.3260745594433883
T08,38,38,2025-04-16 13:59:33,-3.028368059819821,0.04490897521433431
T08,38,38,2025-04-16 13:59:52,-3.0780809216538105,0.027897734331850454
T08,38,38,2025-04-16 14:00:11,-3.040534065778236,0.03039913525030338
T08,38,38,2025-04-16 14:00:30,-3.0246640946068046,0.01446072551095897
T08,38,38,2025-04-16 14:00:49,-1.6889195243288633,2.133168553601656
T08,38,38,2025-04-16 14:01:08,-3.0515267426805015,0.0201980031381957
T08,38,38,2025-04-16 14:01:27,-3.102098157266227,0.05530946920947089
T08,38,38,2025-04-16 14:01:46,-3.031815867039476,0.01465842279583689
T08,38,38,2025-04-16 14:02:05,-3.0782167765901907,0.03427720781647616
T08,38,38,2025-04-16 14:02:24,-3.073226707495326,0.028502477355374912
T08,38,38,2025-04-16 14:02:43,-3.0496008464786084,0.011687193555016495
T08,38,38,2025-04-16 14:03:02,-3.036913134937624,0.010426683494316542
T08,38,38,2025-04-16 14:03:21,-3.082856319768344,0.03629916187928496
T08,38,38,2025-04-16 14:03:40,-3.0509585473465255,0.018812387487696158
T08,38,38,2025-04-16 14:03:59,-3.0501277472632893,0.017886652184733582
T08,38,38,2025-04-16 14:04:18,-3.045593191422999,0.012708703631702
T08,38,38,2025-04-16 14:04:37,-4.981133847213177,2.159851870514897
T08,38,38,2025-04-16 14:04:56,-2.9875028736256892,0.03645894467760705
T08,38,38,2025-04-16 14:05:15,-3.0737902243862103,0.015203897213003853
T08,38,38,2025-04-16 14:05:34,-4.387573678838613,2.3132417625586164
T08,38,38,2025-04-16 14:05:53,-3.0663469249270228,0.03548332747171374
T08,38,38,2025-04-16 14:06:12,-3.020529968784229,0.015346535332275453
T08,38,38,2025-04-16 14:06:31,-3.0620732211660697,0.015152081568214083
T08,38,38,2025-04-16 14:06:50,-3.037374974533137,0.02130575502637897
T08,38,38,2025-04-16 14:07:09,-3.0502783475117745,0.01102013537196104
T08,38,38,2025-04-16 14:07:28,-3.0715065248496507,0.028176271722977174
T08,38,38,2025-04-16 14:07:47,-3.0087761348798545,0.02424900795597351
T08,38,38,2025-04-16 14:08:06,-3.053881142585199,0.017913208308841837
T08,38,38,2025-04-16 14:08:25,-2.337125013801152,2.279379272780151
T08,38,38,2025-04-16 14:08:44,-3.0365810623133322,0.014681706896188926
T08,38,38,2025-04-16 14:09:03,-3.0445072378955653,0.030739872445290625
T08,38,38,2025-04-16 14:09:22,-4.149692522804515,2.28606133395243
T08,38,38,2025-04-16 14:09:41,-3.063829063482613,0.009798919181119024
T08,38,38,2025-04-16 14:10:00,-3.050112646279423,0.018922035322327432
T08,38,38,2025-04-16 14:10:19,-3.0232878347195387,0.014528411555617382
T08,38,38,2025-04-16 14:10:38,-3.0625275741674254,0.010076834785615022
T08,38,38,2025-04-16 14:10:57,-3.090092475337351,0.04294972650238483
T08,38,38,2025-04-16 14:11:16,-3.0753382440414927,0.028469887702240272
T08,38,38,2025-04-16 14:11:35,-1.6839570305892977,2.1834787113980636
T08,38,38,2025-04-16 14:11:54,-3.0490872686776025,0.019962350314519917
T08,38,38,2025-04-16 14:12:13,-3.049125028795586,0.022284254020582425
T08,38,38,2025-04-16 14:12:32,-3.089721121571362,0.042482387261893656
T08,38,38,2025-04-16 14:12:51,-3.0922574916977283,0.04423452962759532
T08,38,38,2025-04-16 14:13:10,-3.0456880962108244,0.011666059418170921
T08,38,38,2025-04-16 14:13:29,-3.0052922791879455,0.02330654039971769
T08,38,38,2025-04-16 14:13:48,-2.9775089932753307,0.05521244622195877
T08,38,38,2025-04-16 14:14:07,-3.0440937040538083,0.014816266265747991
T08,38,38,2025-04-16 14:14:26,-3.0899969258456723,0.05056436507005646
T08,38,38,2025-04-16 14:14:45,-3.037394382184015,0.01209463962655364
T08,38,38,2025-04-16 14:15:04,-3.050067401223079,0.016400074224551933
T08,38,38,2025-04-16 14:15:23,-3.049500175177925,0.012484731227449275
T08,38,38,2025-04-16 14:15:42,-3.04910546406841,0.012815784303438148
T08,38,38,2025-04-16 14:16:01,-2.9561243260331502,0.06391989620722473
T08,38,38,2025-04-16 14:16:20,-3.053111038574632,0.02030898508234953
T08,38,38,2025-04-16 14:16:39,-3.0339574726398784,0.014449194172865967
T08,38,38,2025-04-16 14:16:58,-3.0167444638013494,0.02103381482259778
T08,38,38,2025-04-16 14:17:17,-3.0528589479353077,0.02642616865540385
T08,38,38,2025-04-16 14:17:36,-2.962180113907076,0.06092945443065466
T08,38,38,2025-04-16 14:17:55,-3.0543806348242923,0.011134939972023541
T08,38,38,2025-04-16 14:18:14,-3.0579581894124175,0.018135288913511568
T08,38,38,2025-04-16 14:18:33,-3.0515971279308074,0.02083903538605728
T08,38,38,2025-04-16 14:18:52,-3.096165525469476,0.038159976578294036
T08,38,38,2025-04-16 14:19:11,-3.0764651508395904,0.03285077885569155
T08,38,38,2025-04-16 14:19:30,-3.020440318157373,0.020558312059789332
T08,38,38,2025-04-16 14:19:49,-3.0545949298807944,0.014854782058566099
T08,38,38,2025-04-16 14:20:08,-3.079698482367415,0.01541422483169472
T08,38,38,2025-04-16 14:20:27,-3.0740826743296474,0.01238138928337539
T08,38,38,2025-04-16 14:20:46,-3.049500946327962,0.024869568554980303
T08,38,38,2025-04-16 14:21:05,-3.0488715836078435,0.017784357645530047
T08,38,38,2025-04-16 14:21:24,-3.04970766443286,0.018557199899374585
T08,38,38,2025-04-16 14:21:43,-3.0487632138076566,0.017594757254222437
T08,38,38,2025-04-16 14:22:02,-3.1073696791467302,0.06545189622510457
T08,38,38,2025-04-16 14:22:21,-3.019348701834918,0.019288323977794106
T08,38,38,2025-04-16 14:22:40,-3.065717984083209,0.02006933692021676
T08,38,38,2025-04-16 14:22:59,-3.0879622767455013,0.031819825525884464
T08,38,38,2025-04-16 14:23:18,-2.995244329280373,0.038222644050384634
T08,38,38,2025-04-16 14:23:37,-0.5518861717182423,2.157196393040731
T08,38,38,2025-04-16 14:23:56,-3.0782814786731576,0.03577146513522501
T08,38,38,2025-04-16 14:24:15,-3.0809704293715794,0.029817955570370612
T08,38,38,2025-04-16 14:24:34,-3.0329620605632286,0.014597835928573385
T08,38,38,2025-04-16 14:24:53,-3.0322197607658414,0.012371075944108304
T08,38,38,2025-04-16 14:25:12,-3.031863865837645,0.013453526733514784
T08,38,38,2025-04-16 14:25:31,-3.042713226144948,0.013760903504145596
T08,38,38,2025-04-16 14:25:50,-3.0141436540573423,0.016077983379385725
T08,38,38,2025-04-16 14:26:09,-2.9978614769711007,0.03677395250957343
T08,38,38,2025-04-16 14:26:28,-3.017221334112887,0.018546983641022783
T08,38,38,2025-04-16 14:26:47,-4.081675657026755,2.3286437036671286
T08,38,38,2025-04-16 14:27:06,-2.9909660704907304,0.03466703295489723
T08,38,38,2025-04-16 14:27:25,-3.0796299546510655,0.01629815630030949
T08,38,38,2025-04-16 14:27:44,-3.02339077777644,0.011539315002454224
T08,38,38,2025-04-16 14:28:03,-2.9954379147892185,0.03349177360761678
T08,38,38,2025-04-16 14:28:22,-3.0098213165789995,0.02271028470252406
T08,38,38,2025-04-16 14:45:49,-3.074071454073546,0.02802179815761528
T08,38,38,2025-04-16 14:46:08,-3.059954447645346,0.018482514989299464
T08,38,38,2025-04-16 14:46:27,-3.0497072679210975,0.020340502059768395
T08,38,38,2025-04-16 14:46:46,-3.5296800891808613,2.315308867547614
T08,38,38,2025-04-16 14:47:05,-3.019653724913338,0.014250389544392764
T08,38,38,2025-04-16 14:47:24,-3.0333424645952998,0.011626562930926343
T08,38,38,2025-04-16 14:47:43,-3.047715956937748,0.015650007068109036
T08,38,38,2025-04-16 14:48:02,-3.097762462286184,0.043407584197320555
T08,38,38,2025-04-16 14:48:21,-3.083765641643309,0.018330880933569015
T08,38,38,2025-04-16 14:48:40,-3.060690702607677,0.01810552133829355
T08,38,38,2025-04-16 14:48:59,-3.0235741936819385,0.016044204338063806
T08,38,38,2025-04-16 14:49:18,-2.660674215009701,0.08640878133065172
T08,38,38,2025-04-16 14:49:37,-3.056774154527534,0.016948469021387982
T08,38,38,2025-04-16 14:49:56,-0.4745059190701519,2.0837556318547135
T08,38,38,2025-04-16 14:50:15,-3.0452327646874955,0.008663068260748204
T08,38,38,2025-04-16 14:50:34,-3.082071241304951,0.04806157160692383
T08,38,38,2025-04-16 14:50:53,-3.0443444964284203,0.017865917578828456
T08,38,38,2025-04-16 14:51:12,-3.0520850173692775,0.016979124430825814
T08,38,38,2025-04-16 14:51:31,-3.0227387931183847,0.019568041171389248
T08,38,38,2025-04-16 14:51:50,-3.0382713698170334,0.011043293720271649
T08,38,38,2025-04-16 14:52:09,-3.066540953779517,0.03197367956526991
T08,38,38,2025-04-16 14:52:28,-3.008794353338512,0.02929715838798285
T08,38,38,2025-04-16 14:52:47,-3.083261713447656,0.0317960936803328
T08,38,38,2025-04-16 14:53:06,-3.0907990975848527,0.04074866965374871
T08,38,38,2025-04-16 14:53:25,-3.0195966476292475,0.015938074802274816
T08,38,38,2025-04-16 14:53:44,-3.067290132524639,0.017616907630338623
T08,38,38,2025-04-16 14:54:03,-3.003703818712181,0.02591889200800086
T08,38,38,2025-04-16 14:54:22,-3.025639609743856,0.01626939326959735
T08,38,38,2025-04-16 14:54:41,-2.6752683951916825,0.14568768428326798
T08,38,38,2025-04-16 14:55:00,-3.0783334437027063,0.04071017017643296
T08,38,38,2025-04-16 14:55:19,-3.0547192283804634,0.022639362235763922
T08,38,38,2025-04-16 14:55:38,-3.10346799131226,0.04859988885455424
T08,38,38,2025-04-16 14:55:57,-3.051184798056372,0.022940124857145448
T08,38,38,2025-04-16 14:56:16,-3.01886635270897,0.022882226358731994
T08,38,38,2025-04-16 14:56:35,-3.09753695553599,0.05294982784673108
T08,38,38,2025-04-16 14:56:54,-3.0444964753690926,0.01990931311704328
T08,38,38,2025-04-16 14:57:13,-3.0214688668950562,0.015201031162521219
T08,38,38,2025-04-16 14:57:32,-3.041466371376332,0.012046490776219724
T08,38,38,2025-04-16 14:57:51,-3.0742231521532,0.012384316161559033
T08,38,38,2025-04-16 14:58:10,-3.0236869068292274,0.014709328604543428
T08,38,38,2025-04-16 14:58:29,-3.04774139175247,0.016337870750781157
T08,38,38,2025-04-16 14:58:48,-3.0548638243461936,0.02380512651993666
T08,38,38,2025-04-16 14:59:07,-3.0804466738323346,0.031796079455287035
T08,38,38,2025-04-16 14:59:26,-3.065479125424511,0.02220018839671363
T08,38,38,2025-04-16 14:59:45,-2.9960235411979594,0.02745734388946485
T08,38,38,2025-04-16 15:00:04,-3.013143917009105,0.02092841261030616
T08,38,38,2025-04-16 15:00:23,-3.019804478365046,0.013466688110554794
T08,38,38,2025-04-16 15:00:42,-3.081563539730164,0.3308101654966851
T08,38,38,2025-04-16 15:01:01,-3.0110319929693206,0.02534529124376424
T08,38,38,2025-04-16 15:01:20,-2.972108346656296,0.055924512181378006
T08,38,38,2025-04-16 15:01:39,-3.0462669320896985,0.030567315184154672
T08,38,38,2025-04-16 15:01:58,-3.0242875126214686,0.014956175433291304
T08,38,38,2025-04-16 15:02:17,-2.984918864910065,0.04018254791493982
T08,38,38,2025-04-16 15:02:36,-3.070365895128979,0.025465339752123037
T08,38,38,2025-04-16 15:02:55,-3.0162523395615186,0.024688366662165645
T08,38,38,2025-04-16 15:03:14,-3.043857450545797,0.011671610236128423
T08,38,38,2025-04-16 15:03:33,-3.0038489329649702,0.038264410904114685
T08,38,38,2025-04-16 15:03:52,-3.042581727271731,0.013223307371813955
T08,38,38,2025-04-16 15:04:11,-3.0634151244304286,0.021158390119105187
T08,38,38,2025-04-16 15:04:30,-3.0870468727865035,0.040603780155375864
T08,38,38,2025-04-16 15:04:49,-3.0551258199801246,0.03405336425292754
T08,38,38,2025-04-16 15:05:08,-3.0472764356811393,0.015120094749051103
T08,38,38,2025-04-16 15:05:27,-3.0485128560038337,0.024468381916645705
T08,38,38,2025-04-16 15:05:46,-3.0076913463965216,0.028359875565408643
T08,38,38,2025-04-16 15:06:05,-2.9766072155644205,0.049296013641110935
T08,38,38,2025-04-16 15:06:24,-3.1092870881387578,0.05457245460472471
T08,38,38,2025-04-16 15:06:43,-3.0591603084646195,0.016446400699735523
T08,38,38,2025-04-16 15:07:02,-3.037570530317824,0.02900026979656741
T08,38,38,2025-04-16 15:07:21,-3.062476165568692,0.010737981387596247
T08,38,38,2025-04-16 15:07:40,-3.082978166498329,0.01160210885207713
T08,38,38,2025-04-16 15:07:59,-1.361621940366603,2.27063751784363
T08,38,38,2025-04-16 15:08:18,-3.0615937165374714,0.02382683199407012
T08,38,38,2025-04-16 15:08:37,-3.029143935487628,0.012915183990098887
T08,38,38,2025-04-16 15:08:56,-2.980597547480543,0.05027354040200101
T08,38,38,2025-04-16 15:09:15,-3.09642089303579,0.04354764639840479
T08,38,38,2025-04-16 15:09:34,-3.0429945726357115,0.012104630869795834
T08,38,38,2025-04-16 15:09:53,-1.7964045980392842,2.2879841037439044
T08,38,38,2025-04-16 15:10:12,-3.0282253621744375,0.012541873244685003
T08,38,38,2025-04-16 15:10:31,-3.0554784931862184,0.02081640855697261
T08,38,38,2025-04-16 15:10:50,-2.9656275258289986,0.058360863945845304
T08,38,38,2025-04-16 15:11:09,-3.057698982268839,0.02290335608199847
T08,38,38,2025-04-16 15:11:28,-2.9865942783258213,0.04449756023372905
T08,38,38,2025-04-16 15:11:47,-3.059406526206798,0.02037019540947823
T08,38,38,2025-04-16 15:12:06,-3.027832179046799,0.017174942135113794
T08,38,38,2025-04-16 15:12:25,-3.015552044663624,0.022438944501050863
T08,38,38,2025-04-16 15:12:44,-3.0631520159030616,0.014992705485913768
T08,38,38,2025-04-16 15:13:03,-3.0894614264409523,0.04067675700749587
T08,38,38,2025-04-16 15:13:22,-3.0651395707520925,0.01723207124788989
T08,38,38,2025-04-16 15:13:41,-3.0588511977167636,0.04646507312434626
T08,38,38,2025-04-16 15:14:00,-3.0571608987138457,0.01877295618654901
T08,38,38,2025-04-16 15:14:19,-3.0870186368423127,0.039300505004311016
T08,38,38,2025-04-16 15:14:38,-3.076038030122163,0.03408979532782133
T08,38,38,2025-04-16 15:14:57,-3.081389091651381,0.03477830750520884
T08,38,38,2025-04-16 15:15:16,-3.0258819615964985,0.01379598531684477
T08,38,38,2025-04-16 15:15:35,-3.0605735079179053,0.022075984339953423
T08,38,38,2025-04-16 15:15:54,-3.0359889156993796,0.04741891485029433
T08,38,38,2025-04-16 15:16:13,-3.0196769930310086,0.026068701486544027
T08,38,38,2025-04-16 15:16:32,-3.075179760020367,0.024794591136866762
T08,38,38,2025-04-16 15:16:51,-3.0516075156487577,0.010460546182270014
T08,38,38,2025-04-16 15:17:10,-2.978123154304866,0.051404082334114864
T08,38,38,2025-04-16 15:17:29,-3.0171559753119155,0.01709305212377526
T08,38,38,2025-04-16 15:17:48,-3.0562056695555575,0.009557014780273607
T08,38,38,2025-04-16 15:18:07,-3.0416415788299753,0.009366699147796104
T08,38,38,2025-04-16 15:18:26,-3.054407024324994,0.021833499833700254
T08,38,38,2025-04-16 15:18:45,-3.023613334842005,0.013171206168195405
T08,38,38,2025-04-16 15:19:04,-3.059660322265573,0.017849996382736127
T08,38,38,2025-04-16 15:19:23,-3.0376691829799403,0.011845817856975733
T08,38,38,2025-04-16 15:19:42,-3.072728698712609,0.009904228258365061
T08,38,38,2025-04-16 15:20:01,-3.0403863468440058,0.04220729994908064
T08,38,38,2025-04-16 15:20:20,-3.0290657416133775,0.01431396468012102
T08,38,38,2025-04-16 15:20:39,-3.036515246635935,0.021442694436370396
T08,38,38,2025-04-16 15:20:58,-3.052596576817381,0.02108308693295537
T08,38,38,2025-04-16 15:21:17,-3.0702845715179325,0.02154235679305076
T08,38,38,2025-04-16 15:21:36,-3.004801933313816,0.027581843090123598
T08,38,38,2025-04-16 15:21:55,-5.147534510878661,2.038132989060205
T08,38,38,2025-04-16 15:22:14,-3.0470916205948035,0.0099740369349409
T08,38,38,2025-04-16 15:22:33,-3.061338951634745,0.026572164392446022
T08,38,38,2025-04-16 15:22:52,-3.0821839591097677,0.014818491615679228
T08,38,38,2025-04-16 15:23:11,-3.5951654628383847,1.2588386638956017
T08,38,38,2025-04-16 15:23:30,-3.033987242873114,0.0228333638548951
T08,38,38,2025-04-16 15:23:49,-3.0392906229421484,0.02247343303497326
T08,38,38,2025-04-16 15:24:08,-3.692232529279917,2.3286302979214764
T08,38,38,2025-04-16 15:24:27,-1.2274834216206607,2.1795770105409664
T08,38,38,2025-04-16 15:24:46,-2.3546450126430885,1.379100527728751
T08,38,38,2025-04-16 15:25:05,-3.0216717576776975,0.01401141046241204
T08,38,38,2025-04-16 15:25:24,-3.0776542284054256,0.02711747541784243
T08,38,38,2025-04-16 15:25:43,-3.0061611106886987,0.02071405786151405
T08,38,38,2025-04-16 15:26:02,-3.064333897337471,0.02426359285655607
T08,38,38,2025-04-16 15:26:21,-3.051305944051486,0.02277955240135137
T08,38,38,2025-04-16 15:29:03,-2.9835602811008815,0.03343292049691448
T08,38,38,2025-04-16 15:29:22,-3.0331021322916003,0.009042519374738744
T08,38,38,2025-04-16 15:29:41,-2.9948164051501003,0.026819495880188646
T08,38,38,2025-04-16 15:30:00,-3.075033698765335,0.013578891412166269
T08,38,38,2025-04-16 15:37:56,-3.0975019903698464,0.059084175825843036
T08,38,38,2025-04-16 15:38:15,-2.9528678970473905,0.06208348426387925
T08,38,38,2025-04-16 15:38:34,-3.0784275352204857,0.04669370737607485
T08,38,38,2025-04-16 15:38:53,-2.9707240773521395,0.04475596697921582
T08,38,38,2025-04-16 16:39:12,-3.0452594953437284,0.016155409385975556
T08,38,38,2025-04-16 16:39:31,-3.035934549097238,0.013816720522664366
T08,38,38,2025-04-16 16:39:50,-3.0413281705734256,0.017162225066369812
T08,38,38,2025-04-16 16:40:09,-3.0730237889045355,0.019597212306791966
T08,38,38,2025-04-16 17:40:28,-3.0495080679319684,0.013925075833655728
T08,38,38,2025-04-16 17:40:47,-3.044718677259699,0.0307246622454202
T08,38,38,2025-04-16 17:41:06,-3.022102835912828,0.020549512541105982
T08,38,38,2025-04-16 17:41:25,-2.9831623489463404,0.0425792853516571
T08,38,38,2025-04-16 18:41:44,-3.0457710629089383,0.014025542493276985
T08,38,38,2025-04-16 18:42:03,-3.052762784997453,0.013896530828043313
T08,38,38,2025-04-16 18:42:22,-5.460328766204493,2.029044605368173
T08,38,38,2025-04-16 18:42:41,-3.028239179841537,0.015858138833133386
T08,38,38,2025-04-16 19:43:00,-3.027282302688306,0.013898685552454928
T08,38,38,2025-04-16 19:43:19,-3.0675437909802015,0.031976616243006024
T08,38,38,2025-04-16 19:43:38,-5.606273107660023,1.964219546279624
T08,38,38,2025-04-16 19:43:57,-3.074555682682077,0.02253188866489798
T08,38,38,2025-04-16 20:44:16,-3.0508310847068905,0.011400468870680124
T08,38,38,2025-04-16 20:44:35,-3.017036921108381,0.031053814544234462
T08,38,38,2025-04-16 20:44:54,-3.045584266491331,0.01652072952121619
T08,38,38,2025-04-16 20:45:13,-3.079415967862778,0.01620712661799168
T08,38,38,2025-04-16 21:45:32,-2.12973476592717,2.2408322090714665
T08,38,38,2025-04-16 21:45:51,-2.0033370969073707,2.2574062278546463
T08,38,38,2025-04-16 21:46:10,-3.013658341294842,0.0453995078540921
T08,38,38,2025-04-16 21:46:29,-3.077074395601024,0.016366977359478146
T08,38,38,2025-04-16 22:46:48,-3.0869669761329934,0.02753228660628659
T08,38,38,2025-04-16 22:47:07,-3.0479284706344,0.011084105949703753
T08,38,38,2025-04-16 22:47:26,-3.011438880094469,2.2030907467685577
T08,38,38,2025-04-16 22:47:45,-2.995901196607023,0.028125367576548432
T08,38,38,2025-04-16 23:48:04,-3.037736920161714,0.011973187714372904
T08,38,38,2025-04-16 23:48:23,-3.0698925637680676,0.029723189550303515
T08,38,38,2025-04-16 23:48:42,-3.227015622419189,2.234568106547319
T08,38,38,2025-04-16 23:49:01,-3.0752848470274,0.024647112312132843
T08,38,38,2025-04-17 00:49:20,-3.005957955073559,0.042208568730387544
T08,38,38,2025-04-17 00:49:39,-2.7177385850497986,2.336124971360764
T08,38,38,2025-04-17 00:49:58,-3.0316780180482064,0.012610067694152134
T08,38,38,2025-04-17 00:50:17,-3.0710491022799595,0.01595978592574028
T08,38,38,2025-04-17 01:50:36,-3.028550917787761,0.021008101186236392
T08,38,38,2025-04-17 01:50:55,-3.0822923061427043,0.022397436825969945
T08,38,38,2025-04-17 01:51:14,-3.0178062711394795,0.017676106539882212
T08,38,38,2025-04-17 01:51:33,-3.0508013628227935,0.01388648331859116
T08,38,38,2025-04-17 02:51:52,-3.039843561687793,0.02342157067049444
T08,38,38,2025-04-17 02:52:11,-3.0242692264953397,0.013651333339086146
T08,38,38,2025-04-17 02:52:30,-3.0049965971325525,0.05502972732990559
T08,38,38,2025-04-17 02:52:49,-3.0232407987794923,0.022092045813747418
T08,38,38,2025-04-17 03:53:08,-3.0346128448853773,0.010905797086024467
T08,38,38,2025-04-17 03:53:27,-3.0599026772559985,0.013118913967155041
T08,38,38,2025-04-17 03:53:46,-3.0800440909140514,0.0252790784510945
T08,38,38,2025-04-17 03:54:05,-3.061951198353886,0.014858043309085557
T08,38,38,2025-04-17 04:54:24,-2.994617124319388,0.03145166811128033
T08,38,38,2025-04-17 04:54:43,-3.0854066067403596,0.040511849494433726
T08,38,38,2025-04-17 04:55:02,-3.0558563285565286,0.017477935686743527
T08,38,38,2025-04-17 04:55:21,-3.0253865692824595,0.018179300492804657
T08,38,38,2025-04-17 05:55:40,-3.129001096530397,2.3205014755906612
T08,38,38,2025-04-17 05:55:59,-3.1152436465628788,0.06801678809123195
T08,38,38,2025-04-17 05:56:18,-3.077049813369149,0.010827205331939658
T08,38,38,2025-04-17 05:56:37,-3.190056040461106,2.205816271462788
T08,38,38,2025-04-17 06:56:56,-3.0483119180819704,0.02073916428609308
T08,38,38,2025-04-17 06:57:15,-3.0112596079934155,0.018927210324047355
T08,38,38,2025-04-17 06:57:34,-3.1102827315120867,0.059541282052583376
T08,38,38,2025-04-17 06:57:53,-3.047928419897632,0.018167794358924183
T08,38,38,2025-04-17 07:58:12,-3.234893942620723,2.2174403415009194
T08,38,38,2025-04-17 07:58:31,-3.0234556977346543,0.015386550158901436
T08,38,38,2025-04-17 07:58:50,-3.0069705759429275,0.02366187887447878
T08,38,38,2025-04-17 07:59:09,-2.9720440913007833,0.049193836279779704
T08,38,38,2025-04-17 08:59:28,-3.030178014734168,0.01986347660194471
T08,38,38,2025-04-17 08:59:47,-3.0604769015859703,0.023199535004876516
T08,38,38,2025-04-17 09:00:06,-3.0858722713202185,0.03519626443605957
T08,38,38,2025-04-17 09:00:25,-3.076781246089827,0.020710117129519152
T08,38,38,2025-04-17 10:00:44,-3.040676811754184,0.02698751350226441
T08,38,38,2025-04-17 10:01:03,-3.0984426175182613,0.025644913578056656
T08,38,38,2025-04-17 10:01:22,-3.071595030336165,0.012312638389530445
T08,38,38,2025-04-17 10:01:41,-3.107541735966162,0.030267910128313646
T08,38,38,2025-04-17 11:02:00,-5.436670216874269,1.665798061098625
T08,38,38,2025-04-17 11:02:19,-3.1335789670786007,0.026876046284390828
T08,38,38,2025-04-17 11:02:38,-3.107689689349663,0.011629780535236015
T08,38,38,2025-04-17 11:02:57,-3.08711390428917,0.013890707574473932
T08,38,38,2025-04-17 12:03:16,-3.0204407519874996,2.313542329903156
T08,38,38,2025-04-17 12:03:35,-3.1016797186439726,2.3087825053854707
T08,38,38,2025-04-17 12:03:54,-3.1018285846754257,0.01259657587422993
T08,38,38,2025-04-17 12:04:13,-3.0313007114931256,0.04599202165692271
T08,38,38,2025-04-17 13:04:32,-3.9141769394973904,2.3144612426102573
T08,38,38,2025-04-17 13:04:51,-5.097313090085318,2.2606428662083156
T08,38,38,2025-04-17 13:05:10,-3.080988919526169,0.016185895169157985
T08,38,38,2025-04-17 13:05:29,-3.0650163920391646,0.021120100454946913
T08,38,38,2025-04-17 14:05:48,-3.1467827343731103,0.051168575404840794
T08,38,38,2025-04-17 14:06:07,-0.3958488001963073,2.1892906788787077
T08,38,38,2025-04-17 14:06:26,-4.059683096727101,2.3447646101273927
T08,38,38,2025-04-17 14:06:45,-3.128371982981675,0.011461321678206971
T08,38,38,2025-04-17 15:07:04,-3.100349520331231,0.011506724041709169
T08,38,38,2025-04-17 15:07:23,-3.0920575938183146,0.012307286070905208
T08,38,38,2025-04-17 15:07:42,-3.10901804820555,0.018937064122456763
T08,38,38,2025-04-17 15:08:01,-3.129461432280194,0.011863757528721531
T08,38,38,2025-04-17 16:08:20,-3.1000928203512,0.013173351655681042
T08,38,38,2025-04-17 16:08:39,-3.092806961442101,0.014943512235976142
T08,38,38,2025-04-17 16:08:58,-3.0926019359988888,0.011918162845135818
T08,38,38,2025-04-17 16:09:17,-3.0958792937160324,0.009045323730246529
T09,38,38,2025-04-16 13:57:04,4.556763438458084,0.02965064407555913
T09,38,38,2025-04-16 13:57:23,4.579584945680434,0.020422430539712516
T09,38,38,2025-04-16 13:57:42,4.58756103076667,0.034206683428058125
T09,38,38,2025-04-16 13:58:01,4.543088202449551,0.022988929255330613
T09,38,38,2025-04-16 13:58:20,4.535859870864507,0.021684763708505136
T09,38,38,2025-04-16 13:58:39,4.5049543852831535,0.02423490336076252
T09,38,38,2025-04-16 13:58:58,4.550702918870719,0.018016029289754563
T09,38,38,2025-04-16 13:59:17,4.47628279720759,0.03806863832812396
T09,38,38,2025-04-16 13:59:36,4.551105123687996,0.04228360145166642
T09,38,38,2025-04-16 13:59:55,4.566327815049987,0.01855293886975638
T09,38,38,2025-04-16 14:00:14,4.563565210498367,0.02264605142471036
T09,38,38,2025-04-16 14:00:33,4.476562958663551,0.03822191352415254
T09,38,38,2025-04-16 14:00:52,4.533304145097245,0.025780468696652136
T09,38,38,2025-04-16 14:01:11,4.537857723732976,0.023838000857299774
T09,38,38,2025-04-16 14:01:30,4.5739230675326015,0.04451414113795585
T09,38,38,2025-04-16 14:01:49,4.545060489444879,0.01967212046688322
T09,38,38,2025-04-16 14:02:08,4.544724199628787,0.025985126179669485
T09,38,38,2025-04-16 14:02:27,4.54781892679078,0.017460289982526585
T09,38,38,2025-04-16 14:02:46,4.5118257881936765,0.02770817791936663
T09,38,38,2025-04-16 14:03:05,4.574356673181592,0.018849879961361882
T09,38,38,2025-04-16 14:03:24,4.552977253176949,0.03376961946005479
T09,38,38,2025-04-16 14:03:43,4.529209923561225,0.024806448425795553
T09,38,38,2025-04-16 14:04:02,4.5580502366454265,0.024174215449305585
T09,38,38,2025-04-16 14:04:21,4.553197979677244,0.028838374445277877
T09,38,38,2025-04-16 14:04:40,4.59492795572364,0.02455016863440588
T09,38,38,2025-04-16 14:04:59,4.5560386164496425,0.01718047187533462
T09,38,38,2025-04-16 14:05:18,4.527174353575821,0.01458999664531433
T09,38,38,2025-04-16 14:05:37,4.5045867031513716,0.024299046894957394
T09,38,38,2025-04-16 14:05:56,4.500118986641734,0.029835049677091986
T09,38,38,2025-04-16 14:06:15,4.477962903167237,0.03817250005724663
T09,38,38,2025-04-16 14:06:34,4.578386161743063,0.022651984347412717
T09,38,38,2025-04-16 14:06:53,4.5594973505933485,0.039572444268304315
T09,38,38,2025-04-16 14:07:12,4.529252754315581,0.029928462849601947
T09,38,38,2025-04-16 14:07:31,4.573848638921855,0.021100708764268627
T09,38,38,2025-04-16 14:07:50,4.534504781336586,0.029432231241313812
T09,38,38,2025-04-16 14:08:09,4.591631895086971,0.022573526809178204
T09,38,38,2025-04-16 14:08:28,4.575350523672812,0.039204557386584654
T09,38,38,2025-04-16 14:08:47,4.528070201800622,0.030237587499137235
T09,38,38,2025-04-16 14:09:06,4.562703874412441,0.020854820940502665
T09,38,38,2025-04-16 14:09:25,4.579307030261047,0.018223206998328443
T09,38,38,2025-04-16 14:09:44,4.529004097308591,0.02597895687093739
T09,38,38,2025-04-16 14:10:03,4.543191505006507,0.01686719475443824
T09,38,38,2025-04-16 14:10:22,4.529789520301931,0.027013246754792875
T09,38,38,2025-04-16 14:10:41,4.532385670305933,0.02015969795145659
T09,38,38,2025-04-16 14:11:00,4.512871670231243,0.02950434712574384
T09,38,38,2025-04-16 14:11:19,4.503139687081228,0.01883407797357335
T09,38,38,2025-04-16 14:11:38,4.4701561435030985,0.03557052842699553
T09,38,38,2025-04-16 14:11:57,4.572712763696171,0.018333077406706737
T09,38,38,2025-04-16 14:12:16,4.533860263372541,0.03157396269108535
T09,38,38,2025-04-16 14:12:35,4.5270883231821255,0.0287239682803165
T09,38,38,2025-04-16 14:12:54,4.56213173480304,0.027878034804427115
T09,38,38,2025-04-16 14:13:13,4.504068771653738,0.027592790594322868
T09,38,38,2025-04-16 14:13:32,4.559546756545981,0.027244289964055996
T09,38,38,2025-04-16 14:13:51,4.5213769568368685,0.023273382174206173
T09,38,38,2025-04-16 14:14:10,4.538054799536067,0.028331866733700882
T09,38,38,2025-04-16 14:14:29,4.5667459795634135,0.0177064968305933
T09,38,38,2025-04-16 14:14:48,4.550679620075149,0.028394884828707084
T09,38,38,2025-04-16 14:15:07,4.4871109236867905,0.02928342067827976
T09,38,38,2025-04-16 14:15:26,4.546194112193365,0.025323418917509357
T09,38,38,2025-04-16 14:15:45,4.5414945890546825,0.023428013375359515
T09,38,38,2025-04-16 14:16:04,4.583422144260102,0.02435082896547085
T09,38,38,2025-04-16 14:16:23,4.541516534937886,0.023577994015804737
T09,38,38,2025-04-16 14:16:42,4.549634011848126,0.030516424948058552
T09,38,38,2025-04-16 14:17:01,4.586457908636134,0.03666980493631789
T09,38,38,2025-04-16 14:17:20,4.588976238424548,0.03521699412618555
T09,38,38,2025-04-16 14:17:39,4.476702243212628,0.035197663853041836
T09,38,38,2025-04-16 14:17:58,4.566559450854392,0.0350029740357501
T09,38,38,2025-04-16 14:18:17,4.579326796126196,0.04020211808573192
T09,38,38,2025-04-16 14:18:36,4.498904844968438,0.02464290605474696
T09,38,38,2025-04-16 14:18:55,4.486430213219303,0.0317365479357952
T09,38,38,2025-04-16 14:19:14,4.529753870163694,0.029274023661949467
T09,38,38,2025-04-16 14:19:33,4.539490979314355,0.026333152930678456
T09,38,38,2025-04-16 14:19:52,4.553851580085092,0.029509912195561816
T09,38,38,2025-04-16 14:20:11,4.564846766197656,0.02528728812488128
T09,38,38,2025-04-16 14:20:30,4.545024096850272,0.043978457261966836
T09,38,38,2025-04-16 14:20:49,4.509153361355955,0.02749512149078887
T09,38,38,2025-04-16 14:21:08,4.577374957329243,0.04830332908851607
T09,38,38,2025-04-16 14:21:27,4.531292957977922,0.016647419259452328
T09,38,38,2025-04-16 14:21:46,4.501146064381655,0.022552974055565077
T09,38,38,2025-04-16 14:22:05,4.579968660481156,0.023438931077757016
T09,38,38,2025-04-16 14:22:24,4.500237584752047,0.023537082765341038
T09,38,38,2025-04-16 14:22:43,4.516125214577541,0.017632934927573854
T09,38,38,2025-04-16 14:23:02,4.582999213557501,0.019479499016532117
T09,38,38,2025-04-16 14:23:21,4.55740402462898,0.02796218540486283
T09,38,38,2025-04-16 14:23:40,4.567726657362753,0.0338853075862766
T09,38,38,2025-04-16 14:23:59,4.5836394193231405,0.028954060337204313
T09,38,38,2025-04-16 14:24:18,4.587599415296263,0.021456287051210752
T09,38,38,2025-04-16 14:24:37,4.537461744328275,0.013971428987405651
T09,38,38,2025-04-16 14:24:56,4.507306965944999,0.024401660044836588
T09,38,38,2025-04-16 14:25:15,4.548977172819889,0.025921691633883595
T09,38,38,2025-04-16 14:25:34,4.547167962769338,0.037868198460913154
T09,38,38,2025-04-16 14:25:53,4.503814855651794,0.03823686592413813
T09,38,38,2025-04-16 14:26:12,4.530681933644238,0.021308877108878202
T09,38,38,2025-04-16 14:26:31,4.595796087035433,0.044425643757419246
T09,38,38,2025-04-16 14:26:50,4.5888621555280285,0.03355343347601024
T09,38,38,2025-04-16 14:27:09,4.4945187997407325,0.029618778352693085
T09,38,38,2025-04-16 14:27:28,4.484139463514834,0.03664683218166358
T09,38,38,2025-04-16 14:27:47,4.576526918172321,0.0228885754033979
T09,38,38,2025-04-16 14:28:06,4.563197163314502,0.03643442349537014
T09,38,38,2025-04-16 14:28:25,4.548750594577793,0.0193875220704905
T09,38,38,2025-04-16 14:46:02,4.592486748707739,0.02414139428692433
T09,38,38,2025-04-16 14:46:21,4.5457667093967915,0.02619706046966021
T09,38,38,2025-04-16 14:46:40,4.5983606636248435,0.026214356883167294
T09,38,38,2025-04-16 14:46:59,4.497310080978626,0.026036728149922302
T09,38,38,2025-04-16 14:47:18,4.532471646428882,0.015320640336827339
T09,38,38,2025-04-16 14:47:37,4.547768186163108,0.03104160241801435
T09,38,38,2025-04-16 14:47:56,4.515726153378198,0.029070174282006724
T09,38,38,2025-04-16 14:48:15,4.561175270702796,0.026777199734839777
T09,38,38,2025-04-16 14:48:34,4.521555060116824,0.03372344698591513
T09,38,38,2025-04-16 14:48:53,4.562240772451721,0.03876388181346757
T09,38,38,2025-04-16 14:49:12,4.5850456583399035,0.02752913554361654
T09,38,38,2025-04-16 14:49:31,4.58688024587657,0.03336192248145982
T09,38,38,2025-04-16 14:49:50,4.55427739677421,0.019890681585403816
T09,38,38,2025-04-16 14:50:09,4.479717273272777,0.04174322363974645
T09,38,38,2025-04-16 14:50:28,4.513008383788383,0.03461133061427712
T09,38,38,2025-04-16 14:50:47,4.571007187105959,0.021526201824339026
T09,38,38,2025-04-16 14:51:06,4.477252194797957,0.03363895845260052
T09,38,38,2025-04-16 14:51:25,4.478862202560627,0.03305295497275022
T09,38,38,2025-04-16 14:51:44,4.4914666191074835,0.041996118145285685
T09,38,38,2025-04-16 14:52:03,4.5765870027467885,0.02051386528292047
T09,38,38,2025-04-16 14:52:22,4.53448076131523,0.024043140964012517
T09,38,38,2025-04-16 14:52:41,4.524841194948314,0.024012747509223123
T09,38,38,2025-04-16 14:53:00,4.5248417115567525,0.029408072257617254
T09,38,38,2025-04-16 14:53:19,4.56442608385389,0.020938885149536988
T09,38,38,2025-04-16 14:53:38,4.585928900065881,0.0277827506675271
T09,38,38,2025-04-16 14:53:57,4.545490701096819,0.01767272132864866
T09,38,38,2025-04-16 14:54:16,4.579503459400376,0.03960085674522274
T09,38,38,2025-04-16 14:54:35,4.533052774588476,0.01748984211075564
T09,38,38,2025-04-16 14:54:54,4.552446765136243,0.03202073608522462
T09,38,38,2025-04-16 14:55:13,4.545961856415344,0.02628431252226247
T09,38,38,2025-04-16 14:55:32,4.54531345848898,0.02963445991327484
T09,38,38,2025-04-16 14:55:51,4.590810936328216,0.02709706373879206
T09,38,38,2025-04-16 14:56:10,4.582778438715421,0.02324159178817138
T09,38,38,2025-04-16 14:56:29,4.589183077985491,0.045914416491851094
T09,38,38,2025-04-16 14:56:48,4.544681702495329,0.017707467241838526
T09,38,38,2025-04-16 14:57:07,4.539522939787056,0.03289551516898016
T09,38,38,2025-04-16 14:57:26,4.568184661122707,0.03214512406204099
T09,38,38,2025-04-16 14:57:45,4.546168568905903,0.04184184221674414
T09,38,38,2025-04-16 14:58:04,4.509134463592012,0.021417898234097784
T09,38,38,2025-04-16 14:58:23,4.542031840704836,0.03147381971757775
T09,38,38,2025-04-16 14:58:42,4.532070559786926,0.029015152565954605
T09,38,38,2025-04-16 14:59:01,4.527034668053782,0.0276055711945996
T09,38,38,2025-04-16 14:59:20,4.524572067680891,0.02511916106139963
T09,38,38,2025-04-16 14:59:39,4.535683323116088,0.034881367828312186
T09,38,38,2025-04-16 14:59:58,4.529448075231648,0.014829731570286513
T09,38,38,2025-04-16 15:00:17,4.584092903951291,0.022851033763306633
T09,38,38,2025-04-16 15:00:36,4.485724509342004,0.02754089279883154
T09,38,38,2025-04-16 15:00:55,4.544471500599529,0.02744497891327637
T09,38,38,2025-04-16 15:01:14,4.532361291137895,0.017300126278425268
T09,38,38,2025-04-16 15:01:33,4.521900234584081,0.025504388686909858
T09,38,38,2025-04-16 15:01:52,4.5545365928360235,0.01887043245249754
T09,38,38,2025-04-16 15:02:11,4.526366715409549,0.03001974289224621
T09,38,38,2025-04-16 15:02:30,4.56339844041863,0.02922425841799477
T09,38,38,2025-04-16 15:02:49,4.521827494316232,0.027429113929999298
T09,38,38,2025-04-16 15:03:08,4.551629896499742,0.02876401358009553
T09,38,38,2025-04-16 15:03:27,4.491457633028965,0.027657806486813753
T09,38,38,2025-04-16 15:03:46,4.539225427225144,0.030646346009256108
T09,38,38,2025-04-16 15:04:05,4.479868672765494,0.029488109083087636
T09,38,38,2025-04-16 15:04:24,4.516064516294895,0.030260822022173547
T09,38,38,2025-04-16 15:04:43,4.546586508197967,0.051569852007792155
T09,38,38,2025-04-16 15:05:02,4.503638225919464,0.016528278567832462
T09,38,38,2025-04-16 15:05:21,4.574226444704024,0.02613883323443324
T09,38,38,2025-04-16 15:05:40,4.5679950958095095,0.028735483929009736
T09,38,38,2025-04-16 15:05:59,4.514507726993387,0.03139339337967357
T09,38,38,2025-04-16 15:06:18,4.577796746024044,0.02132970221049034
T09,38,38,2025-04-16 15:06:37,4.556646327057472,0.020849595471551147
T09,38,38,2025-04-16 15:06:56,4.587383270368524,0.043746090507618615
T09,38,38,2025-04-16 15:07:15,4.553500022874416,0.021589337132346762
T09,38,38,2025-04-16 15:07:34,4.578378094108103,0.022837206894913586
T09,38,38,2025-04-16 15:07:53,4.530193908824084,0.01830257083025504
T09,38,38,2025-04-16 15:08:12,4.532285352822544,0.025292348327076837
T09,38,38,2025-04-16 15:08:31,4.549818362773675,0.024707508237755815
T09,38,38,2025-04-16 15:08:50,4.503628808770217,0.02382909058402729
T09,38,38,2025-04-16 15:09:09,4.533996179932499,0.023232303397904303
T09,38,38,2025-04-16 15:09:28,4.567879805761602,0.035654957157468255
T09,38,38,2025-04-16 15:09:47,4.58422790962629,0.022318670654003947
T09,38,38,2025-04-16 15:10:06,4.549912632955068,0.041130656225806014
T09,38,38,2025-04-16 15:10:25,4.506020071798694,0.027130494841491864
T09,38,38,2025-04-16 15:10:44,4.525713810054117,0.030916050488784777
T09,38,38,2025-04-16 15:11:03,4.488212515872768,0.02921917933521391
T09,38,38,2025-04-16 15:11:22,4.515063141643274,0.02795289003091481
T09,38,38,2025-04-16 15:11:41,4.546214149110778,0.02394710466698038
T09,38,38,2025-04-16 15:12:00,4.517027439621763,0.015520021735701876
T09,38,38,2025-04-16 15:12:19,4.539135711651463,0.025545251963351452
T09,38,38,2025-04-16 15:12:38,4.509301549694282,0.023371906859662003
T09,38,38,2025-04-16 15:12:57,4.5460366061168775,0.019926234899395587
T09,38,38,2025-04-16 15:13:16,4.546057918582795,0.015086090830413658
T09,38,38,2025-04-16 15:13:35,4.482765652208658,0.03133595160924416
T09,38,38,2025-04-16 15:13:54,4.525196507950979,0.02790612162791564
T09,38,38,2025-04-16 15:14:13,4.506831035287199,0.02976127896795045
T09,38,38,2025-04-16 15:14:32,4.48137441252162,0.0339113523723641
T09,38,38,2025-04-16 15:14:51,4.544958031040162,0.03254072061224737
T09,38,38,2025-04-16 15:15:10,4.496381767407124,0.02748852207985321
T09,38,38,2025-04-16 15:15:29,4.585569502506119,0.024830544735415693
T09,38,38,2025-04-16 15:15:48,4.569254697845525,0.020683467387364048
T09,38,38,2025-04-16 15:16:07,4.5984652419425105,0.04127563831207717
T09,38,38,2025-04-16 15:16:26,4.4873494312594255,0.0298513374693597
T09,38,38,2025-04-16 15:16:45,4.497482987816793,0.02992398377591354
T09,38,38,2025-04-16 15:17:04,4.540728406655647,0.033103389570709754
T09,38,38,2025-04-16 15:17:23,4.544010178367849,0.027020204990121786
T09,38,38,2025-04-16 15:17:42,4.545890780214673,0.02718218918703855
T09,38,38,2025-04-16 15:18:01,4.533664964441893,0.019981223938743475
T09,38,38,2025-04-16 15:18:20,4.5190673803970105,0.027264811319916905
T09,38,38,2025-04-16 15:18:39,4.541643560594829,0.024361651708035042
T09,38,38,2025-04-16 15:18:58,4.574615499609468,0.02046026668731602
T09,38,38,2025-04-16 15:19:17,4.541397582275646,0.021217427211642673
T09,38,38,2025-04-16 15:19:36,4.572247101645668,0.023180039388072015
T09,38,38,2025-04-16 15:19:55,4.58424450707093,0.02201297553721868
T09,38,38,2025-04-16 15:20:14,4.485473266943892,0.03676332533579671
T09,38,38,2025-04-16 15:20:33,4.581062195166795,0.021644341723372602
T09,38,38,2025-04-16 15:20:52,4.544044479956015,0.0160567411695965
T09,38,38,2025-04-16 15:21:11,4.48847578602478,0.03306564512014166
T09,38,38,2025-04-16 15:21:30,4.590660306074175,0.03503009705169589
T09,38,38,2025-04-16 15:21:49,4.5265096311841155,0.021662862390103902
T09,38,38,2025-04-16 15:22:08,4.5444498227563495,0.017171878416673933
T09,38,38,2025-04-16 15:22:27,4.5660834667825085,0.017664015613569645
T09,38,38,2025-04-16 15:22:46,4.551687187327445,0.040507201852406895
T09,38,38,2025-04-16 15:23:05,4.551599420220822,0.025520673830811632
T09,38,38,2025-04-16 15:23:24,4.537377912406111,0.02980846514003475
T09,38,38,2025-04-16 15:23:43,4.532729140823562,0.029964422136256146
T09,38,38,2025-04-16 15:24:02,4.52991974640963,0.021235809343144826
T09,38,38,2025-04-16 15:24:21,4.497866545121612,0.01996561985633211
T09,38,38,2025-04-16 15:24:40,4.515702011138813,0.013027225803638676
T09,38,38,2025-04-16 15:24:59,4.57596477711807,0.022194776269473717
T09,38,38,2025-04-16 15:25:18,4.5288959056607885,0.02699862482193877
T09,38,38,2025-04-16 15:25:37,4.5488474428708585,0.027616746751619774
T09,38,38,2025-04-16 15:25:56,4.535643335375264,0.020210589614633165
T09,38,38,2025-04-16 15:26:15,4.52981868975228,0.01487396964600506
T09,38,38,2025-04-16 15:29:36,4.527290527808032,0.021736239395745375
T09,38,38,2025-04-16 15:29:55,4.4977365115370365,0.02437589753742296
T09,38,38,2025-04-16 15:30:14,4.526193014928565,0.019165463004838713
T09,38,38,2025-04-16 15:30:33,4.531411895685678,0.025885690826969614
T09,38,38,2025-04-16 15:37:58,4.529313073614172,0.02485092742434551
T09,38,38,2025-04-16 15:38:17,4.52945736060909,0.015289588316452395
T09,38,38,2025-04-16 15:38:36,4.574585160138316,0.04268050742136341
T09,38,38,2025-04-16 15:38:55,4.538969746370505,0.02015648428302249
T09,38,38,2025-04-16 16:39:14,4.536832208401204,0.03780351495193129
T09,38,38,2025-04-16 16:39:33,4.528879791937066,0.033686217985807745
T09,38,38,2025-04-16 16:39:52,4.494348617023021,0.021375133204062854
T09,38,38,2025-04-16 16:40:11,4.558304799656439,0.023804892898203124
T09,38,38,2025-04-16 17:40:30,4.516954914977814,0.02193015181681054
T09,38,38,2025-04-16 17:40:49,4.486303260282028,0.032976112800766885
T09,38,38,2025-04-16 17:41:08,4.5449609747927004,0.017169966130255822
T09,38,38,2025-04-16 17:41:27,4.511246422821224,0.018712185632970967
T09,38,38,2025-04-16 18:41:46,4.527508926773755,0.03489717080505777
T09,38,38,2025-04-16 18:42:05,4.506138302217752,0.02830882036962704
T09,38,38,2025-04-16 18:42:24,4.547131831047083,0.03640348312782797
T09,38,38,2025-04-16 18:42:43,4.577862423469242,0.028892142561107424
T09,38,38,2025-04-16 19:43:02,4.5570140310144245,0.023368494706672162
T09,38,38,2025-04-16 19:43:21,4.467389374452716,0.04246952906150039
T09,38,38,2025-04-16 19:43:40,4.506992368984915,0.026154799194616395
T09,38,38,2025-04-16 19:43:59,4.465647827755071,0.045472255668685006
T09,38,38,2025-04-16 20:44:18,4.511237441219706,0.01628572720756198
T09,38,38,2025-04-16 20:44:37,4.482926423046717,0.02983769355290274
T09,38,38,2025-04-16 20:44:56,4.5470011233902,0.02079821247909686
T09,38,38,2025-04-16 20:45:15,4.557128873541266,0.04577434986846612
T09,38,38,2025-04-16 21:45:34,4.530035476170443,0.027285667607689586
T09,38,38,2025-04-16 21:45:53,4.459861782655438,0.03539834185832625
T09,38,38,2025-04-16 21:46:12,4.55810247541262,0.03310911627862598
T09,38,38,2025-04-16 21:46:31,4.533976947605271,0.020241915730117216
T09,38,38,2025-04-16 22:46:50,4.477648570554298,0.031327914406301574
T09,38,38,2025-04-16 22:47:09,4.5006549021187805,0.025810525220158455
T09,38,38,2025-04-16 22:47:28,4.537511337188263,0.03088083756164964
T09,38,38,2025-04-16 22:47:47,4.482823825248212,0.02621978662442363
T09,38,38,2025-04-16 23:48:06,4.5629727754589675,0.018923237310578236
T09,38,38,2025-04-16 23:48:25,4.52149817989354,0.024531375275347028
T09,38,38,2025-04-16 23:48:44,4.542757520538544,0.032270297912969974
T09,38,38,2025-04-16 23:49:03,4.478240531604717,0.025874708707033144
T09,38,38,2025-04-17 00:49:22,4.553425748980301,0.03698212359974281
T09,38,38,2025-04-17 00:49:41,4.535272917283068,0.03160699518229517
T09,38,38,2025-04-17 00:50:00,4.495049048237733,0.018807612573346393
T09,38,38,2025-04-17 00:50:19,4.504716499125511,0.04773098681179267
T09,38,38,2025-04-17 01:50:38,4.535564018434993,0.019377126085983538
T09,38,38,2025-04-17 01:50:57,4.548439744913776,0.046910196070511924
T09,38,38,2025-04-17 01:51:16,4.533264565733509,0.02456283205716962
T09,38,38,2025-04-17 01:51:35,4.513858117450187,0.0218304069183608
T09,38,38,2025-04-17 02:51:54,4.550675948686735,0.031725149016076974
T09,38,38,2025-04-17 02:52:13,4.531329793931013,0.019799925136415396
T09,38,38,2025-04-17 02:52:32,4.5201451913386705,0.02541315840600421
T09,38,38,2025-04-17 02:52:51,4.549633414960528,0.020454556694246222
T09,38,38,2025-04-17 03:53:10,4.4841302873411015,0.03115557296249927
T09,38,38,2025-04-17 03:53:29,4.518444623356,0.02646979202432129
T09,38,38,2025-04-17 03:53:48,4.470300203359366,0.03322140548318946
T09,38,38,2025-04-17 03:54:07,4.556847460192851,0.034350811530196826
T09,38,38,2025-04-17 04:54:26,4.512277316372365,0.030187776343134767
T09,38,38,2025-04-17 04:54:45,4.4933882542089,0.06149460241486711
T09,38,38,2025-04-17 04:55:04,4.565958886042681,0.022678669648345837
T09,38,38,2025-04-17 04:55:23,4.548886641082672,0.036218266502288356
T09,38,38,2025-04-17 05:55:42,4.566265308566841,0.026553649303731594
T09,38,38,2025-04-17 05:56:01,4.471425957679022,0.028180800529924818
T09,38,38,2025-04-17 05:56:20,4.522771395235281,0.023523132301843372
T09,38,38,2025-04-17 05:56:39,4.548827749056239,0.020395253016950426
T09,38,38,2025-04-17 06:56:58,4.476263068930694,0.03327900001605474
T09,38,38,2025-04-17 06:57:17,4.488933342438827,0.028875690533160983
T09,38,38,2025-04-17 06:57:36,4.553182215828659,0.03205095289433398
T09,38,38,2025-04-17 06:57:55,4.523943477911309,0.03276268893594644
T09,38,38,2025-04-17 07:58:14,4.553107273062164,0.03800959026399775
T09,38,38,2025-04-17 07:58:33,4.493670962373439,0.021377382471377993
T09,38,38,2025-04-17 07:58:52,4.489021342316202,0.04559359924703342
T09,38,38,2025-04-17 07:59:11,4.531574771256254,0.030860503088511106
T09,38,38,2025-04-17 08:59:30,4.560239011464678,0.028947464403646064
T09,38,38,2025-04-17 08:59:49,4.551927685427404,0.041739142526609235
T09,38,38,2025-04-17 09:00:08,4.489277584809293,0.02999817484105841
T09,38,38,2025-04-17 09:00:27,4.521283560727753,0.026583881955762258
T09,38,38,2025-04-17 10:00:46,4.4627045242377825,0.0254086937822371
T09,38,38,2025-04-17 10:01:05,4.482371128464372,0.024090848709085726
T09,38,38,2025-04-17 10:01:24,4.524230962926143,0.035507072503899936
T09,38,38,2025-04-17 10:01:43,4.520613762280849,0.03378228941939491
T09,38,38,2025-04-17 11:02:02,4.47261455972178,0.022652722661793735
T09,38,38,2025-04-17 11:02:21,4.523053694269144,0.03877038059743532
T09,38,38,2025-04-17 11:02:40,4.500632636944069,0.02061938401362016
T09,38,38,2025-04-17 11:02:59,4.4927015410554985,0.02277240319815528
T09,38,38,2025-04-17 12:03:18,4.506485901118995,0.025769357609982196
T09,38,38,2025-04-17 12:03:37,4.459855585972153,0.03435278765340845
T09,38,38,2025-04-17 12:03:56,4.506505871505235,0.023852177298589985
T09,38,38,2025-04-17 12:04:15,4.53385832025304,0.043989984075478245
T09,38,38,2025-04-17 13:04:34,4.520165711857006,0.023761469559606497
T09,38,38,2025-04-17 13:04:53,4.509210535984434,0.031520046543462125
T09,38,38,2025-04-17 13:05:12,4.5078690247898745,0.018977455997455695
T09,38,38,2025-04-17 13:05:31,4.507315560545937,0.02382221117663035
T09,38,38,2025-04-17 14:05:50,4.5262294391918525,0.05202542431413447
T09,38,38,2025-04-17 14:06:09,4.440236905930006,0.03489381060081898
T09,38,38,2025-04-17 14:06:28,4.46391331075699,0.034484094104892005
T09,38,38,2025-04-17 14:06:47,4.50944793055038,0.032046437179522706
T09,38,38,2025-04-17 15:07:06,4.469187163397224,0.021882171450149382
T09,38,38,2025-04-17 15:07:25,4.5211938966126475,0.030945681941139915
T09,38,38,2025-04-17 15:07:44,4.485765257486916,0.026654495540232016
T09,38,38,2025-04-17 15:08:03,4.473880947459887,0.03127366786236537
T09,38,38,2025-04-17 16:08:22,4.485229831475938,0.014966284332528402
T09,38,38,2025-04-17 16:08:41,4.547045763585778,0.027475950461243556
T09,38,38,2025-04-17 16:09:00,4.510503504254913,0.026897336980083477
T09,38,38,2025-04-17 16:09:19,4.510141272379824,0.01681852501026358
