hostname,Meas id,RX Gain A,RX Gain B,Circular Mean (degrees),Circular Std Dev (degrees)
T05,1,30,17,-166.4259376909564,3.5905736448118426
T05,1,30,27,-169.13032661653122,2.7450887925042635
T05,1,30,37,10.860239572104527,0.06209670603234133
T05,1,30,32,-170.7003871474565,0.19315379149910822
T05,1,30,31,-170.21410297356226,0.19621055215939895
T05,1,30,10,-167.96534020115226,2.4363349549773816
T05,1,30,42,10.667005365485998,1.1311163469223606
T05,1,30,34,13.722365463130643,1.2810012473105044
T05,1,30,25,-169.00910368587827,2.6696550702357587
T05,1,30,29,-168.69616543353638,0.21888933073195596
T05,1,30,14,-166.20385382966188,3.6520499309584658
T05,1,30,26,-169.60632315918002,2.861372176802126
T05,1,30,33,-167.17242673972592,1.9281810587469606
T05,1,30,48,13.599009778107455,1.936913757036651
T05,1,30,44,11.136988749099116,0.08718554370575188
T05,1,30,9,-167.61809791278768,1.1803854875832531
T05,1,30,46,8.284368740219435,1.5762424366457537
T05,1,30,30,-170.08355893325484,0.14549850273548254
T05,1,30,20,-170.00283936773806,0.9031689836818226
T05,1,30,47,10.75825075096913,0.10870958906104031
T05,1,30,38,11.323094579331093,0.0606490891898514
T05,1,30,24,-168.57541019199823,2.6285959866101054
T05,1,30,11,-165.29989669644186,2.7730191428156257
T05,1,30,36,10.552413582245753,1.7549973373121703
T05,1,30,13,-166.76721256846247,3.4466909188065644
T05,1,30,43,10.514782507139149,0.07761183627957859
T05,1,30,22,-171.2086207920676,1.7832412755692175
T05,1,30,8,-166.65093007261197,1.0162334079452984
T05,1,30,12,-166.4383474059224,3.1405861964541884
T05,1,30,16,-166.01570013258993,3.359938854412293
T05,1,30,18,-166.80947732949244,3.5939314617495635
T05,1,30,7,-165.52213263224576,3.4475141493475623
T05,1,30,23,-169.26577350589943,2.7282994480770073
T05,1,30,41,10.422932755407542,0.06833304142216734
T05,1,30,28,-168.0947341329877,0.20612196197588134
T05,1,30,21,-169.80321507127394,1.2850480156791868
T05,1,30,15,-166.5121127896117,3.775271259364224
T05,1,30,39,10.157416269832169,0.9378731444087566
T05,1,30,19,-165.9738125368845,3.5861163944082115
T05,1,30,35,16.64769089952657,2.192724546438602
T05,1,30,40,11.129545559605113,0.06543106796450608
T05,1,30,45,11.044157082808514,1.219809044570547
T06,1,30,35,17.669818896927882,0.4057116404033825
T06,1,30,36,12.04418880206631,1.7868231559501233
T06,1,30,46,10.23535506782121,1.933553373555505
T06,1,30,32,-167.69604256276855,0.26088794766232754
T06,1,30,20,-166.2051535376889,0.31662191119722327
T06,1,30,8,-164.14660397676093,2.4081177449016145
T06,1,30,37,13.114181505316443,0.05197019052327906
T06,1,30,29,-165.29190388868892,0.21864037732475844
T06,1,30,27,-166.78527696080548,2.8578297396407133
T06,1,30,43,11.20886152375226,1.406299223954618
T06,1,30,9,-164.03321303588214,1.1948687372385975
T06,1,30,31,-167.7660591915198,0.17146283971691692
T06,1,30,24,-168.37659242248174,2.6434754005877936
T06,1,30,7,-161.84199644182496,4.19148481125725
T06,1,30,12,-163.54856998709084,3.960795787661403
T06,1,30,30,-167.27336995987915,0.1614830840934152
T06,1,30,17,-164.24479846388243,4.170959255767446
T06,1,30,19,-163.41456479483614,3.562233203144595
T06,1,30,21,-165.4542836343777,0.5738525727522328
T06,1,30,10,-166.62100069777034,2.683303981956316
T06,1,30,41,13.459052235447095,0.08876538607484485
T06,1,30,42,13.384644499937318,1.5901604870820691
T06,1,30,23,-167.742108128906,1.8911112776339163
T06,1,30,13,-163.8256976658431,3.4833033803377838
T06,1,30,38,12.801839760716863,0.07047726039046924
T06,1,30,40,12.720245019947114,0.7814394336983834
T06,1,30,18,-164.30253900461443,3.1070978828557294
T06,1,30,22,-166.1282439125553,1.263879625712759
T06,1,30,16,-164.3074206214086,3.201861739047323
T06,1,30,47,13.340421229651055,0.19197250291959433
T06,1,30,39,13.31078924997842,1.2804454958307232
T06,1,30,45,16.300950674194688,2.001739850534935
T06,1,30,34,16.96906790500878,1.1536091820228511
T06,1,30,25,-166.31778897057094,2.9435177150997243
T06,1,30,48,15.975303616362517,2.10579564561793
T06,1,30,15,-163.87166459381473,3.9171395644223854
T06,1,30,33,-167.83314476125418,1.4285056744901465
T06,1,30,11,-164.18384452309044,3.3937097975291044
T06,1,30,26,-166.2580290008716,2.904970948925905
T06,1,30,28,-166.1229708624782,0.21834187034437064
T06,1,30,44,13.315676909112003,0.14746646865501156
T06,1,30,14,-163.70913404266486,4.019545104681914
T07,1,30,41,10.9623079840959,0.08515101248933997
T07,1,30,9,-165.29101936770326,0.908112248862497
T07,1,30,7,-162.53498568781876,3.5707441588985445
T07,1,30,29,-167.00161866391576,0.1957128483908619
T07,1,30,21,-167.62624550647246,0.33412149176391504
T07,1,30,37,10.86676626852087,0.052269513357959964
T07,1,30,24,-168.5823021035414,1.3583621392609335
T07,1,30,43,9.582291253001868,1.600373774470944
T07,1,30,10,-165.94604600204158,1.6297135547259411
T07,1,30,17,-165.07718047848664,2.8262170866295886
T07,1,30,19,-164.785815273458,4.935056880241947
T07,1,30,35,13.945817002558638,0.18005925203731962
T07,1,30,34,16.524670533296156,1.5123102274588374
T07,1,30,44,10.02623582410043,1.110912283883074
T07,1,30,42,13.897795219156002,2.140250218969186
T07,1,30,36,11.145131869075833,0.9404577097348079
T07,1,30,20,-168.34032974507417,0.8676832722370006
T07,1,30,14,-164.4632151862287,4.564848663999551
T07,1,30,32,-168.62336989674515,0.11767267326796707
T07,1,30,48,13.824796465044153,2.220975403132057
T07,1,30,26,-167.604571629908,2.6848398854425315
T07,1,30,39,10.762562302316425,0.05486656388707137
T07,1,30,16,-164.8904066518635,4.795065148743187
T07,1,30,45,14.5845378372865,2.1997301203486956
T07,1,30,33,-169.1815117693907,0.1547859299523489
T07,1,30,18,-164.82048782828412,4.160097079261204
T07,1,30,31,-168.29473272375049,0.12396800353523833
T07,1,30,23,-167.87062102554015,0.9541709469536344
T07,1,30,22,-166.89034349490692,0.29621341928798905
T07,1,30,8,-167.02376550774775,2.141440337020333
T07,1,30,13,-165.30746214432276,3.6971442684042963
T07,1,30,12,-164.68453798791126,3.889633375853693
T07,1,30,15,-165.1532258779126,3.3756335913551183
T07,1,30,27,-167.7899362402362,3.343087987478149
T07,1,30,40,8.678863717406628,2.096357260032281
T07,1,30,47,8.722008806338923,1.5979083525149804
T07,1,30,46,9.887663071229557,1.1795353617322908
T07,1,30,25,-167.29690848887336,2.917484286232899
T07,1,30,38,11.407288384731718,0.05303863292378726
T07,1,30,28,-166.99642327682923,0.3581035977153292
T07,1,30,30,-168.54623961536944,0.1797950161852492
T07,1,30,11,-164.61508716230418,3.262238650971421
T08,1,30,17,-162.5773598352544,3.1171006333250957
T08,1,30,26,-164.19089756471027,0.5370542550560018
T08,1,30,16,-161.68965370931826,3.0251981857629286
T08,1,30,33,-162.6772481597146,2.6045072687537916
T08,1,30,9,-163.3636735452308,1.9018988943162334
T08,1,30,24,-164.70585253004268,0.23294795397164353
T08,1,30,22,-165.33872789699345,0.2655577800070879
T08,1,30,46,13.927739474984408,0.10304939788571615
T08,1,30,29,-165.01944216854352,0.15511222532741978
T08,1,30,19,-162.7007230266602,3.022743297711064
T08,1,30,47,12.63878651308974,2.03900284312352
T08,1,30,37,13.611482659666303,0.05873170670942581
T08,1,30,18,-162.1782877940625,3.7631986703923253
T08,1,30,10,-162.49962131368923,2.2414078176639967
T08,1,30,44,12.339280193512478,2.2620304952938337
T08,1,30,39,13.83489529325762,0.04943596245747553
T08,1,30,12,-161.17622934076627,1.8934253954369324
T08,1,30,30,-166.4603561460056,0.1086767579666145
T08,1,30,36,13.490784697265545,0.05354987747854698
T08,1,30,28,-164.74647991160924,0.1856379058772434
T08,1,30,42,13.490796292540034,0.07711545573430419
T08,1,30,31,-166.16502806076454,0.10057551066659902
T08,1,30,20,-165.67964859179023,1.2016481201643645
T08,1,30,32,-165.9931380517505,0.987869354434224
T08,1,30,48,15.477518097350785,1.451833696623564
T08,1,30,11,-161.95840092685359,0.8395534213245162
T08,1,30,15,-162.2987007512832,3.2715716372150996
T08,1,30,14,-161.72444482264723,3.236331557959511
T08,1,30,27,-163.5624086944441,0.7633598122010844
T08,1,30,38,16.47916488372019,2.6879729338600558
T08,1,30,40,13.828872356307055,0.049702803851239596
T08,1,30,34,16.361927445019585,0.37145099202162624
T08,1,30,43,13.792752607228241,0.06935254709183353
T08,1,30,7,-159.5512940068328,3.7600958047610913
T08,1,30,23,-164.5585108847227,0.29008471721255347
T08,1,30,25,-164.69346976169436,0.3132284495436749
T08,1,30,13,-162.22316146229835,1.7616206461477275
T08,1,30,21,-165.91388560830438,0.5452659368933183
T08,1,30,41,13.197915836178506,2.096400727699861
T08,1,30,45,13.982758422005979,0.10356967867377678
T08,1,30,8,-163.70279949653462,2.0886272587831898
T08,1,30,35,19.21295112441395,2.05155601031384
